name,citation,id,obligation,constraint,permission,entitlement,MandatoryDelegation,Permissive Delegation,PermissiveProvision,MandatoryProvision,Constraining Provision
Section 0,PL090_284,0,0,0,0,0,0,0,0,0,0
Section 1,PL090_284,1,2,3,1,4,4,0,0,0,0
Section 2,PL090_284,2,2,1,3,7,5,0,0,2,1
Section 3,PL090_284,3,0,0,0,1,1,0,0,0,0
Section 4,PL090_284,4,0,0,0,1,1,0,0,0,0
Section 5,PL090_284,5,1,5,1,4,3,0,0,1,0
Section 6,PL090_284,6,1,0,1,8,7,0,0,0,1
Section 7,PL090_284,7,3,0,1,1,4,0,0,0,0
Section 8,PL090_284,8,8,12,9,15,21,0,0,1,1
Section 9,PL090_284,9,7,16,8,16,19,0,0,1,0
Section 10,PL090_284,10,0,8,12,4,2,0,0,0,0
Section 11,PL090_284,11,0,2,3,1,1,0,0,0,0
Section 12,PL090_284,12,1,0,1,0,1,0,0,0,0
Section 13,PL090_284,13,1,0,1,1,1,0,0,1,0
Section 14,PL090_284,14,0,0,2,1,1,0,0,0,0
Section 15,PL090_284,15,0,3,1,1,1,0,0,0,0
Section 0,PL089_695,0,0,0,1,0,0,0,0,0,0
Section 1,PL089_695,1,35,33,47,160,162,23,23,14,1
Section 2,PL089_695,2,4,2,2,13,13,0,0,2,0
Section 3,PL089_695,3,0,1,1,2,2,0,0,0,0
Section 4,PL089_695,4,0,0,0,1,1,0,0,0,0
Section 5,PL089_695,5,0,1,0,1,1,0,0,0,0
Section 6,PL089_695,6,0,1,2,1,1,0,0,0,0
Section 0,PL090_321,0,36,33,43,63,56,12,12,8,5
Section 0,PL093_234,0,1,0,2,0,0,0,0,0,0
Section 1,PL093_234,1,1,1,1,2,1,0,0,0,0
Section 2,PL093_234,2,1,1,0,2,1,0,0,0,0
Section 3,PL093_234,3,1,1,1,5,3,0,0,0,2
Section 4,PL093_234,4,1,1,0,0,1,0,0,0,0
Section 5,PL093_234,5,0,0,0,0,0,0,0,0,0
Section 6,PL093_234,6,0,0,0,1,1,0,0,0,0
Section 7,PL093_234,7,0,0,0,0,0,0,0,0,0
Section 8,PL093_234,8,0,0,0,0,0,0,0,0,0
Section 9,PL093_234,9,0,1,2,1,1,0,0,0,0
Section 10,PL093_234,10,7,12,5,13,19,0,0,0,0
Section 11,PL093_234,11,0,1,1,0,0,0,0,0,0
Section 12,PL093_234,12,0,1,1,0,0,0,0,0,0
Section 0,PL102_550_4044,0,0,0,0,0,0,0,0,0,0
Section 1,PL102_550_4044,1,0,0,1,0,0,0,0,0,0
Section 2,PL102_550_4044,2,1,0,0,2,1,0,0,0,0
Section 3,PL102_550_4044,3,4,2,0,15,8,0,0,0,0
Section 4,PL102_550_4044,4,2,1,0,7,4,0,0,0,0
Section 5,PL102_550_4044,5,2,2,2,18,13,0,0,0,0
Section 6,PL102_550_4044,6,4,6,6,11,13,0,0,0,0
Section 7,PL102_550_4044,7,0,0,0,0,0,0,0,0,0
Section 8,PL102_550_4044,8,0,0,0,0,0,1,1,0,0
Section 9,PL102_550_4044,9,0,1,0,1,0,0,0,0,0
Section 10,PL102_550_4044,10,5,1,1,2,5,0,0,3,0
Section 11,PL102_550_4044,11,0,1,0,0,0,0,0,0,0
Section 12,PL102_550_4044,12,0,0,0,0,0,0,0,0,0
Section 13,PL102_550_4044,13,0,0,1,0,0,0,0,0,0
Section 14,PL102_550_4044,14,6,0,0,4,6,0,0,3,0
Section 15,PL102_550_4044,15,0,0,0,0,0,0,0,0,0
Section 16,PL102_550_4044,16,0,2,1,0,0,2,2,0,0
Section 17,PL102_550_4044,17,1,0,0,0,1,0,0,0,0
Section 18,PL102_550_4044,18,5,1,1,2,6,0,0,1,0
Section 19,PL102_550_4044,19,1,1,1,1,1,1,1,1,0
Section 20,PL102_550_4044,20,1,3,0,1,2,0,0,0,0
Section 21,PL102_550_4044,21,2,0,2,2,4,1,1,0,0
Section 22,PL102_550_4044,22,0,0,0,0,0,0,0,0,0
Section 23,PL102_550_4044,23,1,0,1,0,1,0,0,1,0
Section 24,PL102_550_4044,24,0,0,0,0,0,0,0,0,0
Section 25,PL102_550_4044,25,0,1,0,0,0,0,0,0,0
Section 26,PL102_550_4044,26,0,0,0,0,0,0,0,0,0
Section 27,PL102_550_4044,27,0,0,0,0,0,0,0,0,0
Section 28,PL102_550_4044,28,0,0,0,1,1,0,0,0,0
Section 29,PL102_550_4044,29,0,0,0,0,0,0,0,0,0
Section 30,PL102_550_4044,30,0,0,0,1,1,0,0,0,0
Section 31,PL102_550_4044,31,0,0,0,0,0,0,0,0,0
Section 32,PL102_550_4044,32,0,0,0,0,0,0,0,0,0
Section 33,PL102_550_4044,33,1,1,1,1,2,0,0,0,0
Section 34,PL102_550_4044,34,6,3,1,4,9,0,0,1,0
Section 35,PL102_550_4044,35,0,0,0,0,0,0,0,0,0
Section 36,PL102_550_4044,36,0,2,1,0,0,0,0,0,0
Section 37,PL102_550_4044,37,0,0,1,0,0,0,0,0,0
Section 38,PL102_550_4044,38,0,1,2,0,0,0,0,0,0
Section 39,PL102_550_4044,39,0,0,0,3,0,0,0,0,0
Section 40,PL102_550_4044,40,0,2,2,1,1,0,0,0,0
Section 41,PL102_550_4044,41,1,2,0,0,1,0,0,0,0
Section 42,PL102_550_4044,42,0,0,1,1,0,1,1,0,0
Section 43,PL102_550_4044,43,0,2,1,2,0,0,0,0,0
Section 44,PL102_550_4044,44,1,1,0,2,2,0,0,0,0
Section 45,PL102_550_4044,45,2,0,1,2,3,0,0,1,0
Section 0,CHPT_106,0,3,4,3,14,17,0,0,0,0
Section 1,CHPT_106,1,0,1,0,1,1,0,0,0,0
Section 2,CHPT_106,2,0,0,1,1,1,0,0,0,0
Section 3,CHPT_106,3,0,2,1,1,1,0,0,0,0
Section 4,CHPT_106,4,0,0,0,5,5,0,0,0,0
Section 5,CHPT_106,5,0,1,0,0,0,0,0,0,0
Section 6,CHPT_106,6,1,1,1,2,2,1,1,1,0
Section 7,CHPT_106,7,0,2,0,3,2,0,0,0,1
Section 8,CHPT_106,8,0,2,1,4,4,0,0,0,0
Section 9,CHPT_106,9,0,0,1,2,2,0,0,0,0
Section 10,CHPT_106,10,2,1,2,5,4,0,0,0,1
Section 11,CHPT_106,11,1,0,0,4,3,0,0,1,1
Section 12,CHPT_106,12,0,0,2,3,3,0,0,0,0
Section 13,CHPT_106,13,0,1,1,2,1,0,0,0,1
Section 14,CHPT_106,14,0,1,0,0,0,0,0,0,0
Section 15,CHPT_106,15,1,0,1,1,1,0,0,1,0
Section 16,CHPT_106,16,1,0,1,2,2,1,1,1,0
Section 17,CHPT_106,17,0,0,0,3,3,0,0,0,0
Section 18,CHPT_106,18,1,0,0,2,2,0,0,0,0
Section 19,CHPT_106,19,1,0,0,1,2,0,0,0,0
Section 20,CHPT_106,20,1,2,1,1,1,1,1,1,0
Section 21,CHPT_106,21,0,0,2,2,2,0,0,0,0
Section 22,CHPT_106,22,0,0,0,3,3,0,0,0,0
Section 23,CHPT_106,23,0,0,0,2,2,0,0,0,0
Section 24,CHPT_106,24,0,1,1,3,2,0,0,0,1
Section 25,CHPT_106,25,0,1,0,1,1,0,0,0,0
Section 26,CHPT_106,26,2,6,0,7,7,0,0,0,0
Section 27,CHPT_106,27,2,1,1,4,4,2,2,2,0
Section 28,CHPT_106,28,1,1,1,2,2,0,0,0,0
Section 29,CHPT_106,29,0,0,1,1,1,0,0,0,0
Section 30,CHPT_106,30,3,0,1,3,6,0,0,1,0
Section 31,CHPT_106,31,0,0,1,1,1,0,0,0,0
Section 32,CHPT_106,32,0,0,0,1,1,0,0,0,0
Section 33,CHPT_106,33,0,0,0,1,1,0,0,0,0
Section 34,CHPT_106,34,0,0,1,3,3,0,0,0,0
Section 35,CHPT_106,35,0,1,0,0,0,0,0,0,0
Section 36,CHPT_106,36,0,0,1,1,1,0,0,0,0
Section 37,CHPT_106,37,0,3,2,3,3,0,0,0,0
Section 38,CHPT_106,38,0,0,1,2,2,0,0,0,0
Section 39,CHPT_106,39,0,0,0,3,2,0,0,0,0
Section 40,CHPT_106,40,2,0,2,5,3,2,2,2,0
Section 41,CHPT_106,41,2,0,0,2,3,1,1,2,0
Section 42,CHPT_106,42,1,4,2,12,11,1,1,1,0
Section 43,CHPT_106,43,0,0,1,3,3,0,0,0,0
Section 44,CHPT_106,44,0,2,0,1,1,0,0,0,0
Section 45,CHPT_106,45,0,1,0,0,0,0,0,0,0
Section 46,CHPT_106,46,0,0,0,1,1,0,0,0,0
Section 47,CHPT_106,47,0,0,0,2,1,0,0,0,0
Section 48,CHPT_106,48,0,0,0,1,1,0,0,0,0
Section 49,CHPT_106,49,0,1,0,0,0,0,0,0,0
Section 50,CHPT_106,50,0,1,0,0,0,0,0,0,0
Section 51,CHPT_106,51,0,0,2,4,2,0,0,0,0
Section 52,CHPT_106,52,0,1,0,0,0,0,0,0,0
Section 53,CHPT_106,53,0,1,0,0,0,0,0,0,0
Section 54,CHPT_106,54,0,0,1,1,1,0,0,0,0
Section 0,PL103_204,0,0,0,1,0,0,0,0,0,0
Section 1,PL103_204,1,1,2,1,1,2,0,0,0,0
Section 2,PL103_204,2,28,10,4,27,37,2,2,5,1
Section 3,PL103_204,3,0,2,0,3,3,0,0,0,0
Section 4,PL103_204,4,1,4,1,2,2,0,0,0,0
Section 5,PL103_204,5,4,1,2,6,7,0,0,0,1
Section 6,PL103_204,6,0,0,0,1,1,0,0,0,0
Section 7,PL103_204,7,1,2,1,8,5,1,1,0,3
Section 8,PL103_204,8,0,0,0,1,0,0,0,0,0
Section 9,PL103_204,9,2,0,0,1,2,0,0,2,0
Section 10,PL103_204,10,0,2,1,0,0,0,0,0,0
Section 11,PL103_204,11,0,2,0,0,0,0,0,0,0
Section 12,PL103_204,12,0,0,0,1,0,0,0,0,0
Section 13,PL103_204,13,17,9,2,18,29,0,0,7,0
Section 14,PL103_204,14,2,2,0,4,2,0,0,2,0
Section 15,PL103_204,15,0,0,0,2,2,0,0,0,0
Section 16,PL103_204,16,0,0,0,6,4,0,0,0,0
Section 17,PL103_204,17,0,0,0,0,0,0,0,0,0
Section 18,PL103_204,18,5,0,0,2,7,0,0,0,0
Section 19,PL103_204,19,3,8,2,9,7,1,1,2,0
Section 20,PL103_204,20,0,1,0,1,1,0,0,0,0
Section 21,PL103_204,21,1,0,0,1,2,0,0,0,0
Section 22,PL103_204,22,0,0,0,0,0,0,0,0,0
Section 23,PL103_204,23,3,0,0,2,4,0,0,0,0
Section 24,PL103_204,24,0,0,0,0,0,0,0,0,0
Section 25,PL103_204,25,0,1,3,0,0,0,0,0,0
Section 26,PL103_204,26,2,0,0,1,3,1,1,1,0
Section 27,PL103_204,27,0,0,0,1,1,0,0,0,0
Section 28,PL103_204,28,6,0,0,0,6,0,0,2,0
Section 29,PL103_204,29,0,0,0,0,0,0,0,0,0
Section 30,PL103_204,30,1,1,0,1,2,0,0,0,0
Section 31,PL103_204,31,1,0,1,1,2,1,1,1,0
Section 32,PL103_204,32,4,2,0,4,4,2,2,2,0
Section 33,PL103_204,33,0,2,1,1,1,0,0,0,0
Section 34,PL103_204,34,0,0,0,0,0,0,0,0,0
Section 35,PL103_204,35,0,1,0,0,0,0,0,0,0
Section 36,PL103_204,36,1,0,0,1,1,0,0,0,1
Section 37,PL103_204,37,1,0,0,0,1,0,0,0,0
Section 38,PL103_204,38,0,0,1,2,1,0,0,0,0
Section 39,PL103_204,39,0,1,1,0,0,0,0,0,0
Section 40,PL103_204,40,0,1,0,0,0,0,0,0,0
Section 0,PL084_511,0,1,2,3,3,3,0,0,0,0
Section 1,PL084_511,1,3,4,1,3,6,0,0,0,0
Section 2,PL084_511,2,0,3,0,2,1,0,0,0,0
Section 3,PL084_511,3,3,0,3,3,5,1,1,1,0
Section 4,PL084_511,4,0,3,0,1,1,0,0,0,0
Section 5,PL084_511,5,0,1,0,0,0,0,0,0,0
Section 6,PL084_511,6,0,2,0,1,1,0,0,0,0
Section 7,PL084_511,7,2,0,0,4,4,0,0,1,0
Section 8,PL084_511,8,0,0,0,0,0,0,0,0,0
Section 9,PL084_511,9,0,15,3,8,4,0,0,0,0
Section 10,PL084_511,10,0,2,1,3,3,0,0,0,0
Section 11,PL084_511,11,1,2,2,2,2,0,0,0,0
Section 12,PL084_511,12,0,1,0,1,1,0,0,0,0
Section 13,PL084_511,13,0,1,0,0,0,0,0,0,0
Section 0,PL108_100,0,0,0,2,0,0,0,0,0,0
Section 1,PL108_100,1,1,0,1,0,0,0,0,0,0
Section 2,PL108_100,2,1,0,1,8,2,0,0,0,1
Section 3,PL108_100,3,0,1,1,4,3,0,0,0,0
Section 4,PL108_100,4,0,0,0,1,1,0,0,0,0
Section 5,PL108_100,5,2,2,1,5,5,0,0,0,0
Section 6,PL108_100,6,1,9,4,8,4,2,2,0,1
Section 7,PL108_100,7,2,2,2,6,2,3,3,0,2
Section 8,PL108_100,8,1,0,1,1,1,0,0,1,0
Section 9,PL108_100,9,0,0,0,3,3,0,0,0,0
Section 10,PL108_100,10,0,0,1,2,0,0,0,0,0
Section 11,PL108_100,11,1,1,1,7,5,2,2,1,1
Section 12,PL108_100,12,0,0,0,1,1,0,0,0,0
Section 13,PL108_100,13,0,0,2,0,0,0,0,0,0
Section 14,PL108_100,14,0,0,1,0,0,0,0,0,0
Section 15,PL108_100,15,1,1,0,0,1,0,0,0,0
Section 16,PL108_100,16,1,0,0,0,1,0,0,0,0
Section 17,PL108_100,17,1,0,1,2,2,0,0,0,0
Section 18,PL108_100,18,5,2,6,7,8,2,2,1,0
Section 19,PL108_100,19,1,0,0,0,1,0,0,0,0
Section 0,PL093_495_1511,0,0,0,0,0,0,0,0,0,0
Section 1,PL093_495_1511,1,8,28,15,43,29,1,1,4,4
Section 2,PL093_495_1511,2,0,1,0,0,0,0,0,0,0
Section 3,PL093_495_1511,3,0,0,0,0,0,0,0,0,0
Section 4,PL093_495_1511,4,0,1,0,0,0,0,0,0,0
Section 5,PL093_495_1511,5,0,0,0,1,1,0,0,0,0
Section 0,PL094_239,0,0,0,2,0,0,0,0,0,0
Section 1,PL094_239,1,7,13,8,14,15,1,1,0,0
Section 2,PL094_239,2,0,1,0,1,1,0,0,0,0
Section 3,PL094_239,3,0,0,0,1,1,0,0,0,0
Section 4,PL094_239,4,0,0,0,0,0,0,0,0,0
Section 0,PL073_066,0,0,0,0,1,1,0,0,0,0
Section 1,PL073_066,1,1,0,0,3,3,0,0,0,0
Section 2,PL073_066,2,1,0,4,3,4,0,0,0,0
Section 3,PL073_066,3,0,0,0,2,2,0,0,0,0
Section 4,PL073_066,4,9,7,8,28,33,3,3,2,2
Section 5,PL073_066,5,0,0,0,0,0,0,0,0,0
Section 6,PL073_066,6,24,31,23,85,88,1,1,6,7
Section 7,PL073_066,7,3,5,2,10,10,0,0,1,1
Section 8,PL073_066,8,0,0,0,0,0,0,0,0,0
Section 9,PL073_066,9,4,4,3,6,9,0,0,0,0
Section 10,PL073_066,10,0,0,0,0,0,0,0,0,0
Section 11,PL073_066,11,0,3,0,0,0,0,0,0,0
Section 12,PL073_066,12,0,0,0,1,1,0,0,0,0
Section 13,PL073_066,13,1,8,8,12,10,1,1,1,2
Section 14,PL073_066,14,0,2,0,0,0,0,0,0,0
Section 15,PL073_066,15,0,1,0,1,1,0,0,0,0
Section 16,PL073_066,16,2,0,2,7,7,0,0,1,1
Section 17,PL073_066,17,2,6,6,13,10,1,1,2,1
Section 18,PL073_066,18,0,1,1,1,1,0,0,0,0
Section 19,PL073_066,19,0,1,0,1,0,0,0,0,1
Section 20,PL073_066,20,0,0,0,0,0,0,0,0,0
Section 21,PL073_066,21,0,0,0,1,1,0,0,0,0
Section 22,PL073_066,22,0,1,0,0,0,0,0,0,0
Section 0,PL098_181_1278,0,14,3,4,9,21,3,3,4,0
Section 1,PL098_181_1278,1,7,7,10,12,14,1,1,1,0
Section 0,PL103_328,0,0,0,2,0,0,0,0,0,0
Section 1,PL103_328,1,3,11,3,9,7,0,0,0,0
Section 2,PL103_328,2,0,0,0,0,0,0,0,0,0
Section 3,PL103_328,3,3,15,13,24,13,0,0,0,0
Section 4,PL103_328,4,0,0,0,0,0,0,0,0,0
Section 5,PL103_328,5,0,1,1,2,1,0,0,0,0
Section 6,PL103_328,6,1,3,0,3,4,0,0,0,0
Section 7,PL103_328,7,1,3,5,3,2,0,0,1,0
Section 8,PL103_328,8,0,1,2,1,1,0,0,0,0
Section 9,PL103_328,9,2,0,0,3,3,1,1,1,1
Section 10,PL103_328,10,0,0,0,0,0,0,0,0,0
Section 11,PL103_328,11,3,5,0,4,6,0,0,0,0
Section 12,PL103_328,12,0,0,0,0,0,0,0,0,0
Section 13,PL103_328,13,2,3,0,0,2,0,0,0,0
Section 14,PL103_328,14,5,2,0,4,7,0,0,0,1
Section 15,PL103_328,15,6,0,0,4,6,0,0,5,0
Section 16,PL103_328,16,0,0,0,1,1,0,0,0,0
Section 17,PL103_328,17,1,1,0,1,1,0,0,1,0
Section 18,PL103_328,18,1,1,0,3,3,0,0,0,0
Section 19,PL103_328,19,0,0,0,0,0,0,0,0,0
Section 20,PL103_328,20,1,3,1,0,1,0,0,0,0
Section 21,PL103_328,21,0,2,0,0,0,0,0,0,0
Section 22,PL103_328,22,0,2,0,0,0,0,0,0,0
Section 23,PL103_328,23,0,0,2,3,1,0,0,0,0
Section 24,PL103_328,24,9,1,5,13,21,0,0,1,0
Section 25,PL103_328,25,4,5,2,11,15,0,0,0,0
Section 26,PL103_328,26,5,5,2,9,14,0,0,0,0
Section 27,PL103_328,27,8,1,2,13,20,0,0,1,0
Section 28,PL103_328,28,5,2,6,11,16,0,0,0,0
Section 29,PL103_328,29,0,1,1,3,3,0,0,0,0
Section 30,PL103_328,30,5,1,2,2,7,0,0,2,0
Section 31,PL103_328,31,0,0,0,0,0,0,0,0,0
Section 0,PL107_056,0,0,0,0,0,0,0,0,0,0
Section 1,PL107_056,1,0,0,1,0,0,0,0,0,0
Section 2,PL107_056,2,1,2,1,1,0,0,0,0,0
Section 3,PL107_056,3,0,1,0,1,1,0,0,0,0
Section 4,PL107_056,4,5,3,7,8,10,5,5,0,0
Section 5,PL107_056,5,3,2,0,6,6,1,1,2,1
Section 6,PL107_056,6,2,2,2,0,2,0,0,0,0
Section 7,PL107_056,7,2,4,2,2,2,1,1,0,1
Section 8,PL107_056,8,0,0,0,0,0,0,0,0,0
Section 9,PL107_056,9,0,2,2,1,1,0,0,0,0
Section 10,PL107_056,10,0,0,3,2,2,0,0,0,0
Section 11,PL107_056,11,0,0,0,0,0,0,0,0,0
Section 12,PL107_056,12,5,5,7,12,10,0,0,0,1
Section 13,PL107_056,13,0,0,0,1,0,0,0,0,0
Section 14,PL107_056,14,1,0,0,1,1,0,0,1,0
Section 15,PL107_056,15,0,0,1,0,0,0,0,0,0
Section 16,PL107_056,16,0,1,1,1,1,0,0,0,0
Section 17,PL107_056,17,0,1,0,0,0,0,0,0,0
Section 18,PL107_056,18,0,1,1,1,0,0,0,0,1
Section 19,PL107_056,19,4,0,1,4,6,0,0,2,0
Section 20,PL107_056,20,0,2,0,2,2,0,0,0,0
Section 21,PL107_056,21,1,0,0,1,1,0,0,1,0
Section 22,PL107_056,22,0,1,0,2,1,0,0,0,0
Section 23,PL107_056,23,0,0,2,0,0,0,0,0,0
Section 24,PL107_056,24,0,5,1,1,0,0,0,0,1
Section 25,PL107_056,25,2,1,0,1,3,0,0,0,0
Section 26,PL107_056,26,1,0,0,1,1,0,0,1,0
Section 27,PL107_056,27,0,0,0,0,0,0,0,0,0
Section 28,PL107_056,28,0,2,2,0,0,0,0,0,0
Section 29,PL107_056,29,3,1,0,2,3,2,2,2,0
Section 30,PL107_056,30,2,0,0,1,2,0,0,1,0
Section 31,PL107_056,31,6,1,4,6,7,2,2,1,0
Section 32,PL107_056,32,1,0,0,1,2,0,0,0,0
Section 33,PL107_056,33,0,0,0,1,0,1,1,0,0
Section 34,PL107_056,34,2,0,4,3,5,0,0,0,0
Section 35,PL107_056,35,2,0,1,1,2,1,1,2,0
Section 36,PL107_056,36,0,1,0,1,1,0,0,0,0
Section 37,PL107_056,37,0,0,5,3,1,0,0,0,0
Section 38,PL107_056,38,1,3,1,5,3,1,1,1,0
Section 39,PL107_056,39,2,0,0,4,2,0,0,1,0
Section 40,PL107_056,40,1,1,4,6,6,0,0,0,0
Section 41,PL107_056,41,1,0,1,1,2,0,0,0,0
Section 42,PL107_056,42,0,1,0,1,0,0,0,0,0
Section 43,PL107_056,43,0,1,1,1,0,0,0,0,0
Section 44,PL107_056,44,0,0,0,1,0,0,0,0,0
Section 45,PL107_056,45,0,0,0,0,0,0,0,0,0
Section 46,PL107_056,46,0,0,0,1,1,0,0,0,0
Section 0,PL104_208,0,0,0,0,0,0,0,0,0,0
Section 1,PL104_208,1,0,0,2,1,1,0,0,0,0
Section 2,PL104_208,2,4,1,3,3,1,0,0,0,0
Section 3,PL104_208,3,2,0,2,3,3,0,0,1,0
Section 4,PL104_208,4,0,1,0,1,1,0,0,0,0
Section 5,PL104_208,5,1,2,1,3,3,0,0,0,1
Section 6,PL104_208,6,0,0,1,1,0,0,0,0,0
Section 7,PL104_208,7,0,0,1,0,0,0,0,0,0
Section 8,PL104_208,8,1,0,0,1,1,1,1,1,0
Section 9,PL104_208,9,0,0,0,1,1,0,0,0,0
Section 10,PL104_208,10,0,1,0,0,0,0,0,0,0
Section 11,PL104_208,11,4,1,0,2,4,0,0,0,1
Section 12,PL104_208,12,0,0,0,0,0,0,0,0,0
Section 13,PL104_208,13,0,0,0,0,0,0,0,0,0
Section 14,PL104_208,14,0,0,0,0,0,0,0,0,0
Section 15,PL104_208,15,0,1,0,1,0,0,0,0,0
Section 16,PL104_208,16,0,0,0,0,0,0,0,0,0
Section 17,PL104_208,17,3,1,2,6,2,0,0,0,0
Section 18,PL104_208,18,0,0,0,1,0,0,0,0,0
Section 19,PL104_208,19,0,1,2,0,0,1,1,0,0
Section 20,PL104_208,20,0,2,0,0,0,0,0,0,0
Section 21,PL104_208,21,0,0,0,1,1,0,0,0,0
Section 22,PL104_208,22,0,1,0,0,0,0,0,0,0
Section 23,PL104_208,23,3,2,6,2,4,0,0,0,0
Section 24,PL104_208,24,0,1,0,0,0,0,0,0,0
Section 25,PL104_208,25,0,1,0,0,0,0,0,0,0
Section 26,PL104_208,26,0,2,0,2,0,0,0,0,2
Section 27,PL104_208,27,0,0,0,0,0,0,0,0,0
Section 28,PL104_208,28,1,1,0,3,4,0,0,0,0
Section 29,PL104_208,29,0,0,0,0,0,0,0,0,0
Section 30,PL104_208,30,0,0,0,0,0,0,0,0,0
Section 31,PL104_208,31,3,0,0,5,6,0,0,2,0
Section 32,PL104_208,32,0,0,0,1,1,0,0,0,0
Section 33,PL104_208,33,2,0,0,1,2,0,0,1,1
Section 34,PL104_208,34,0,0,1,0,0,0,0,0,0
Section 35,PL104_208,35,1,0,0,0,0,0,0,0,0
Section 36,PL104_208,36,0,0,0,1,1,0,0,0,0
Section 37,PL104_208,37,1,0,1,1,2,0,0,0,0
Section 38,PL104_208,38,0,2,0,1,1,0,0,0,0
Section 39,PL104_208,39,0,0,0,0,0,0,0,0,0
Section 40,PL104_208,40,2,2,3,2,4,0,0,0,0
Section 41,PL104_208,41,2,3,3,3,5,0,0,0,0
Section 42,PL104_208,42,0,1,3,3,3,0,0,0,0
Section 43,PL104_208,43,0,0,0,0,0,0,0,0,0
Section 44,PL104_208,44,1,1,0,0,1,0,0,0,0
Section 45,PL104_208,45,0,0,0,0,0,0,0,0,0
Section 46,PL104_208,46,0,1,1,0,0,0,0,0,0
Section 47,PL104_208,47,0,0,1,0,0,0,0,0,0
Section 48,PL104_208,48,0,1,2,4,2,0,0,0,0
Section 49,PL104_208,49,1,2,0,1,1,0,0,0,0
Section 50,PL104_208,50,2,9,0,1,3,0,0,0,0
Section 51,PL104_208,51,0,1,0,0,0,0,0,0,0
Section 52,PL104_208,52,2,0,0,5,6,0,0,0,0
Section 53,PL104_208,53,2,2,1,2,3,1,1,1,0
Section 54,PL104_208,54,9,0,1,9,11,1,1,6,1
Section 55,PL104_208,55,6,8,3,8,11,1,1,1,1
Section 56,PL104_208,56,0,0,0,0,0,0,0,0,0
Section 57,PL104_208,57,1,4,0,2,2,0,0,0,1
Section 58,PL104_208,58,1,2,1,2,1,0,0,0,2
Section 59,PL104_208,59,0,0,0,3,3,0,0,0,0
Section 60,PL104_208,60,0,0,0,0,0,0,0,0,0
Section 61,PL104_208,61,1,6,0,5,4,0,0,1,1
Section 62,PL104_208,62,2,4,0,1,2,0,0,1,0
Section 63,PL104_208,63,0,0,0,0,0,0,0,0,0
Section 64,PL104_208,64,1,2,2,3,2,1,1,1,0
Section 65,PL104_208,65,1,4,0,2,2,0,0,1,0
Section 66,PL104_208,66,0,0,1,0,0,0,0,0,0
Section 67,PL104_208,67,0,0,1,2,1,0,0,0,1
Section 68,PL104_208,68,1,0,1,1,2,0,0,0,0
Section 69,PL104_208,69,0,0,0,1,1,0,0,0,0
Section 70,PL104_208,70,1,1,0,2,2,0,0,1,0
Section 71,PL104_208,71,0,0,0,0,0,0,0,0,0
Section 72,PL104_208,72,0,0,1,0,0,0,0,0,0
Section 73,PL104_208,73,0,0,0,3,0,0,0,0,0
Section 74,PL104_208,74,0,1,0,1,0,0,0,0,0
Section 75,PL104_208,75,0,1,0,1,0,0,0,0,0
Section 76,PL104_208,76,6,2,4,11,8,0,0,1,0
Section 77,PL104_208,77,0,0,1,2,1,0,0,0,0
Section 78,PL104_208,78,1,0,1,2,2,0,0,1,0
Section 79,PL104_208,79,0,2,0,1,1,0,0,0,0
Section 80,PL104_208,80,0,0,2,2,2,0,0,0,0
Section 81,PL104_208,81,2,1,0,5,6,0,0,1,0
Section 82,PL104_208,82,0,0,0,1,0,1,1,0,0
Section 83,PL104_208,83,0,1,0,0,0,0,0,0,0
Section 84,PL104_208,84,1,0,0,0,1,0,0,0,0
Section 85,PL104_208,85,0,1,0,0,0,0,0,0,0
Section 86,PL104_208,86,0,0,1,0,0,0,0,0,0
Section 87,PL104_208,87,0,3,1,3,0,0,0,0,0
Section 88,PL104_208,88,2,0,0,2,4,0,0,0,0
Section 89,PL104_208,89,1,0,1,6,6,0,0,0,0
Section 90,PL104_208,90,0,1,0,0,0,0,0,0,0
Section 91,PL104_208,91,1,1,1,2,3,0,0,0,0
Section 92,PL104_208,92,0,0,0,2,2,0,0,0,0
Section 93,PL104_208,93,1,0,0,3,2,0,0,0,0
Section 94,PL104_208,94,0,0,0,2,0,0,0,0,0
Section 95,PL104_208,95,0,0,0,2,1,0,0,0,0
Section 96,PL104_208,96,3,2,5,4,5,1,1,1,0
Section 97,PL104_208,97,1,0,0,3,3,0,0,0,0
Section 98,PL104_208,98,0,0,0,1,0,0,0,0,1
Section 99,PL104_208,99,0,0,0,0,0,0,0,0,0
Section 100,PL104_208,100,0,0,0,2,2,0,0,0,0
Section 101,PL104_208,101,0,1,0,1,0,0,0,0,1
Section 102,PL104_208,102,1,0,3,2,1,0,0,0,0
Section 103,PL104_208,103,0,0,0,0,0,0,0,0,0
Section 104,PL104_208,104,0,0,4,0,0,0,0,0,0
Section 105,PL104_208,105,1,0,0,0,1,0,0,0,0
Section 106,PL104_208,106,1,4,2,3,2,0,0,0,0
Section 107,PL104_208,107,0,0,1,0,0,0,0,0,0
Section 108,PL104_208,108,3,4,1,15,14,1,1,0,0
Section 109,PL104_208,109,2,2,2,2,3,0,0,0,0
Section 110,PL104_208,110,2,1,1,12,13,0,0,0,0
Section 111,PL104_208,111,0,1,0,3,3,1,1,0,0
Section 112,PL104_208,112,1,1,2,1,1,0,0,1,0
Section 113,PL104_208,113,0,2,0,0,0,0,0,0,0
Section 114,PL104_208,114,0,2,0,0,0,0,0,0,0
Section 115,PL104_208,115,2,0,0,1,3,0,0,0,0
Section 116,PL104_208,116,1,0,0,4,1,0,0,0,0
Section 117,PL104_208,117,0,1,0,0,0,0,0,0,0
Section 118,PL104_208,118,1,3,1,2,3,0,0,0,0
Section 0,PL095_630_3697,0,0,0,0,0,0,0,0,0,0
Section 1,PL095_630_3697,1,0,0,1,0,0,0,0,0,0
Section 2,PL095_630_3697,2,0,0,1,1,0,0,0,0,0
Section 3,PL095_630_3697,3,2,1,3,3,3,0,0,0,0
Section 4,PL095_630_3697,4,3,1,1,3,5,0,0,1,0
Section 5,PL095_630_3697,5,0,2,1,2,2,0,0,0,0
Section 6,PL095_630_3697,6,0,2,2,5,2,0,0,0,1
Section 7,PL095_630_3697,7,0,8,2,2,2,0,0,0,0
Section 8,PL095_630_3697,8,1,0,3,6,5,2,2,1,1
Section 9,PL095_630_3697,9,2,6,3,8,8,1,1,0,0
Section 10,PL095_630_3697,10,1,0,0,1,1,0,0,1,0
Section 11,PL095_630_3697,11,8,4,7,11,14,0,0,4,0
Section 12,PL095_630_3697,12,8,1,1,2,9,0,0,2,0
Section 13,PL095_630_3697,13,2,0,1,2,3,0,0,1,0
Section 14,PL095_630_3697,14,0,0,1,0,0,0,0,0,0
Section 15,PL095_630_3697,15,3,1,3,4,5,0,0,1,0
Section 16,PL095_630_3697,16,0,0,0,1,1,0,0,0,0
Section 17,PL095_630_3697,17,3,2,1,2,4,0,0,0,0
Section 0,PL108_159,0,1,0,1,0,0,0,0,0,0
Section 1,PL108_159,1,0,0,0,1,0,0,0,0,0
Section 2,PL108_159,2,0,0,1,1,1,0,0,0,0
Section 3,PL108_159,3,0,0,2,5,0,0,0,0,0
Section 4,PL108_159,4,5,7,2,5,6,0,0,1,2
Section 5,PL108_159,5,1,1,0,1,2,0,0,0,0
Section 6,PL108_159,6,3,0,0,4,4,0,0,3,1
Section 7,PL108_159,7,0,1,0,0,0,0,0,0,0
Section 8,PL108_159,8,7,2,3,9,11,1,1,2,0
Section 9,PL108_159,9,2,4,1,5,6,0,0,1,0
Section 10,PL108_159,10,1,0,0,2,2,0,0,0,0
Section 11,PL108_159,11,3,2,0,3,4,0,0,1,0
Section 12,PL108_159,12,0,1,1,1,1,0,0,0,0
Section 13,PL108_159,13,0,1,0,0,0,0,0,0,0
Section 14,PL108_159,14,3,0,1,1,3,1,1,2,0
Section 15,PL108_159,15,9,4,3,11,13,1,1,5,5
Section 16,PL108_159,16,5,6,6,19,9,1,1,2,5
Section 17,PL108_159,17,1,2,0,6,2,0,0,0,2
Section 18,PL108_159,18,7,6,5,12,12,3,3,5,2
Section 19,PL108_159,19,3,2,0,1,4,0,0,0,0
Section 20,PL108_159,20,2,0,1,3,2,0,0,2,1
Section 21,PL108_159,21,5,2,2,7,6,1,1,3,3
Section 22,PL108_159,22,3,1,1,7,5,1,1,2,2
Section 23,PL108_159,23,8,6,0,11,11,2,2,6,0
Section 24,PL108_159,24,3,2,1,3,5,0,0,2,1
Section 25,PL108_159,25,0,1,0,1,1,0,0,0,0
Section 26,PL108_159,26,1,0,0,3,3,0,0,0,0
Section 27,PL108_159,27,1,1,0,4,3,0,0,1,1
Section 28,PL108_159,28,0,0,0,1,1,0,0,0,0
Section 29,PL108_159,29,3,1,2,2,4,0,0,1,0
Section 30,PL108_159,30,2,0,0,3,4,1,1,1,0
Section 31,PL108_159,31,2,6,2,3,4,0,0,2,0
Section 32,PL108_159,32,2,2,1,2,2,0,0,0,0
Section 33,PL108_159,33,0,0,1,0,0,0,0,0,0
Section 34,PL108_159,34,0,0,0,0,0,0,0,0,0
Section 35,PL108_159,35,3,1,3,4,7,0,0,0,0
Section 36,PL108_159,36,10,3,0,6,13,0,0,2,0
Section 37,PL108_159,37,3,0,3,1,3,0,0,0,0
Section 38,PL108_159,38,2,0,1,3,4,0,0,0,0
Section 39,PL108_159,39,3,0,1,2,4,0,0,1,0
Section 40,PL108_159,40,2,1,1,4,6,0,0,0,0
Section 41,PL108_159,41,0,0,1,0,0,0,0,0,0
Section 42,PL108_159,42,0,1,0,1,0,0,0,0,0
Section 43,PL108_159,43,1,0,0,0,0,0,0,0,0
Section 44,PL108_159,44,0,0,0,1,1,0,0,0,0
Section 0,PL116_283,0,0,0,1,1,0,0,0,0,0
Section 1,PL116_283,1,0,0,1,0,0,0,0,0,0
Section 2,PL116_283,2,0,0,0,1,1,0,0,0,0
Section 3,PL116_283,3,0,0,0,5,0,0,0,0,0
Section 4,PL116_283,4,5,0,1,6,7,0,0,1,0
Section 5,PL116_283,5,0,0,1,1,1,0,0,0,0
Section 6,PL116_283,6,1,1,2,2,3,0,0,0,0
Section 7,PL116_283,7,0,0,0,1,1,0,0,0,0
Section 8,PL116_283,8,1,0,2,3,3,0,0,0,0
Section 9,PL116_283,9,1,1,1,3,3,0,0,0,0
Section 10,PL116_283,10,4,1,2,12,8,3,3,2,2
Section 11,PL116_283,11,1,1,0,1,1,0,0,0,0
Section 12,PL116_283,12,2,1,1,3,4,0,0,0,0
Section 13,PL116_283,13,3,0,1,3,5,0,0,1,0
Section 14,PL116_283,14,2,0,1,1,2,0,0,1,0
Section 15,PL116_283,15,1,0,0,0,1,0,0,0,0
Section 16,PL116_283,16,2,0,0,3,5,0,0,1,0
Section 17,PL116_283,17,1,1,0,6,3,1,1,1,1
Section 18,PL116_283,18,5,0,0,1,5,1,1,0,1
Section 19,PL116_283,19,4,0,2,1,3,1,1,1,0
Section 20,PL116_283,20,3,0,0,2,4,0,0,3,0
Section 21,PL116_283,21,1,0,1,3,2,1,1,0,0
Section 22,PL116_283,22,1,0,2,5,4,0,0,0,0
Section 23,PL116_283,23,1,0,1,2,3,0,0,0,0
Section 24,PL116_283,24,1,2,2,2,2,0,0,1,0
Section 25,PL116_283,25,2,0,0,1,3,0,0,1,0
Section 26,PL116_283,26,2,0,4,3,5,0,0,0,0
Section 27,PL116_283,27,2,2,3,7,4,0,0,1,1
Section 28,PL116_283,28,1,0,1,1,1,0,0,0,0
Section 29,PL116_283,29,2,1,0,0,2,0,0,0,0
Section 30,PL116_283,30,6,2,0,0,6,0,0,5,0
Section 31,PL116_283,31,1,0,0,0,1,0,0,0,0
Section 32,PL116_283,32,1,0,0,2,1,1,1,0,0
Section 33,PL116_283,33,1,0,1,6,4,0,0,0,0
Section 34,PL116_283,34,0,0,1,2,2,0,0,0,0
Section 35,PL116_283,35,2,0,0,4,2,0,0,0,0
Section 36,PL116_283,36,3,0,0,1,3,0,0,2,0
Section 37,PL116_283,37,1,4,2,0,1,0,0,1,0
Section 38,PL116_283,38,1,0,1,1,2,0,0,1,0
Section 39,PL116_283,39,1,6,5,5,5,3,3,0,1
Section 40,PL116_283,40,1,1,0,1,1,0,0,0,0
Section 41,PL116_283,41,0,1,0,2,2,0,0,0,0
Section 42,PL116_283,42,0,0,1,1,1,0,0,0,0
Section 43,PL116_283,43,0,0,1,2,1,0,0,0,0
Section 44,PL116_283,44,2,2,2,3,5,0,0,0,0
Section 45,PL116_283,45,10,6,4,20,18,2,2,3,1
Section 46,PL116_283,46,0,0,1,0,0,0,0,0,0
Section 47,PL116_283,47,0,1,0,1,0,0,0,0,1
Section 48,PL116_283,48,33,13,9,39,41,7,7,9,8
Section 49,PL116_283,49,1,3,2,3,1,0,0,0,0
Section 50,PL116_283,50,3,0,0,3,5,0,0,1,0
Section 51,PL116_283,51,2,0,0,0,2,0,0,1,0
Section 52,PL116_283,52,0,0,0,1,0,0,0,0,1
Section 53,PL116_283,53,2,1,2,2,3,0,0,2,0
Section 54,PL116_283,54,3,0,0,1,3,2,2,2,0
Section 55,PL116_283,55,4,0,1,1,4,1,1,3,0
Section 56,PL116_283,56,2,0,0,0,2,0,0,0,0
Section 57,PL116_283,57,0,0,2,0,0,0,0,0,0
Section 58,PL116_283,58,0,0,0,0,0,0,0,0,0
Section 59,PL116_283,59,0,1,0,0,0,0,0,0,0
Section 60,PL116_283,60,0,0,1,0,0,0,0,0,0
Section 61,PL116_283,61,0,0,0,0,0,0,0,0,0
Section 0,PL069_639,0,0,0,0,0,0,0,0,0,0
Section 1,PL069_639,1,6,21,6,25,23,3,3,4,1
Section 2,PL069_639,2,0,0,0,0,0,0,0,0,0
Section 3,PL069_639,3,0,2,2,1,1,0,0,0,0
Section 4,PL069_639,4,0,0,1,1,1,0,0,0,0
Section 5,PL069_639,5,0,0,1,2,2,0,0,0,0
Section 6,PL069_639,6,0,1,0,0,0,0,0,0,0
Section 7,PL069_639,7,1,1,0,2,2,0,0,1,0
Section 8,PL069_639,8,0,0,0,1,0,0,0,0,0
Section 9,PL069_639,9,1,0,1,0,1,1,1,0,0
Section 0,PL109_171,0,0,0,0,0,0,0,0,0,0
Section 1,PL109_171,1,0,0,1,0,0,0,0,0,0
Section 2,PL109_171,2,1,1,0,2,3,0,0,0,0
Section 3,PL109_171,3,6,3,0,7,9,0,0,3,0
Section 4,PL109_171,4,3,3,2,12,11,1,1,2,1
Section 5,PL109_171,5,2,1,1,3,5,0,0,1,0
Section 6,PL109_171,6,3,0,2,1,3,0,0,1,0
Section 7,PL109_171,7,11,3,6,8,15,1,1,3,1
Section 8,PL109_171,8,2,0,1,2,4,0,0,0,0
Section 9,PL109_171,9,1,0,1,2,3,0,0,0,0
Section 0,PL081_797,0,0,0,0,0,0,0,0,0,0
Section 1,PL081_797,1,0,0,0,0,0,0,0,0,0
Section 2,PL081_797,2,0,0,0,1,1,0,0,0,0
Section 3,PL081_797,3,2,2,0,3,5,0,0,0,0
Section 4,PL081_797,4,0,1,2,6,2,0,0,0,2
Section 5,PL081_797,5,2,0,2,5,6,0,0,0,1
Section 6,PL081_797,6,0,0,0,2,1,0,0,0,0
Section 7,PL081_797,7,0,0,0,1,0,0,0,0,1
Section 8,PL081_797,8,11,11,10,41,34,1,1,4,6
Section 9,PL081_797,9,7,1,6,16,14,3,3,1,3
Section 10,PL081_797,10,9,15,8,41,40,2,2,4,3
Section 11,PL081_797,11,0,1,1,3,2,0,0,0,1
Section 12,PL081_797,12,0,1,0,1,1,0,0,0,0
Section 13,PL081_797,13,2,0,1,1,3,0,0,0,0
Section 14,PL081_797,14,5,1,3,6,11,0,0,0,0
Section 15,PL081_797,15,7,6,3,10,12,1,1,1,2
Section 16,PL081_797,16,0,1,0,1,1,0,0,0,0
Section 17,PL081_797,17,1,0,0,1,1,0,0,1,0
Section 18,PL081_797,18,0,0,0,1,1,0,0,0,0
Section 19,PL081_797,19,1,1,1,2,2,0,0,0,0
Section 0,PL109_173,0,0,0,1,0,0,0,0,0,0
Section 1,PL109_173,1,8,4,2,10,14,0,0,5,0
Section 2,PL109_173,2,1,0,0,1,2,0,0,1,0
Section 3,PL109_173,3,1,0,0,0,1,0,0,1,0
Section 4,PL109_173,4,1,1,0,1,1,0,0,1,0
Section 5,PL109_173,5,12,0,2,6,13,4,4,3,0
Section 6,PL109_173,6,0,0,0,0,0,0,0,0,0
Section 7,PL109_173,7,2,0,1,2,3,0,0,0,0
Section 8,PL109_173,8,3,2,2,6,8,0,0,1,0
Section 0,PL094_200,0,0,0,0,0,0,0,0,0,0
Section 1,PL094_200,1,0,0,0,0,0,0,0,0,0
Section 2,PL094_200,2,3,1,5,11,9,0,0,3,1
Section 3,PL094_200,3,0,0,2,2,1,0,0,0,0
Section 4,PL094_200,4,5,1,3,1,4,0,0,0,0
Section 0,PL095_369,0,0,1,1,1,1,0,0,0,0
Section 1,PL095_369,1,5,6,13,23,20,1,1,2,2
Section 2,PL095_369,2,0,1,1,3,1,0,0,0,0
Section 3,PL095_369,3,10,11,13,35,26,4,4,4,3
Section 4,PL095_369,4,2,3,4,7,4,1,1,1,0
Section 5,PL095_369,5,0,1,0,1,1,0,0,0,0
Section 6,PL095_369,6,1,0,0,2,2,0,0,0,0
Section 7,PL095_369,7,0,0,1,1,1,0,0,0,0
Section 8,PL095_369,8,0,0,3,1,0,1,1,0,1
Section 9,PL095_369,9,1,0,0,1,1,0,0,0,1
Section 0,PL106_102,0,0,0,2,0,0,0,0,0,0
Section 1,PL106_102,1,0,0,0,0,0,0,0,0,0
Section 2,PL106_102,2,0,0,0,1,0,0,0,0,0
Section 3,PL106_102,3,7,19,7,18,13,0,0,1,0
Section 4,PL106_102,4,3,7,10,11,3,0,0,1,3
Section 5,PL106_102,5,0,0,0,1,1,0,0,0,0
Section 6,PL106_102,6,0,0,0,0,0,0,0,0,0
Section 7,PL106_102,7,0,5,0,2,1,0,0,0,0
Section 8,PL106_102,8,2,0,0,3,3,1,1,0,0
Section 9,PL106_102,9,0,0,0,1,1,0,0,0,0
Section 10,PL106_102,10,4,4,1,8,7,1,1,1,1
Section 11,PL106_102,11,1,2,1,2,1,1,1,1,1
Section 12,PL106_102,12,2,0,1,3,3,0,0,1,0
Section 13,PL106_102,13,0,0,0,0,0,0,0,0,0
Section 14,PL106_102,14,0,1,0,3,0,0,0,0,0
Section 15,PL106_102,15,0,0,5,3,0,0,0,0,3
Section 16,PL106_102,16,2,1,1,5,3,0,0,0,0
Section 17,PL106_102,17,0,1,1,1,1,0,0,0,0
Section 18,PL106_102,18,0,0,0,1,0,0,0,0,0
Section 19,PL106_102,19,0,0,0,0,0,0,0,0,0
Section 20,PL106_102,20,0,0,0,0,0,0,0,0,0
Section 21,PL106_102,21,0,0,0,0,0,0,0,0,0
Section 22,PL106_102,22,6,14,5,14,14,0,0,0,0
Section 23,PL106_102,23,0,1,0,5,3,1,1,0,0
Section 24,PL106_102,24,0,0,1,0,0,0,0,0,0
Section 25,PL106_102,25,0,0,0,1,1,0,0,0,0
Section 26,PL106_102,26,1,1,2,4,4,0,0,0,1
Section 27,PL106_102,27,0,1,1,2,0,0,0,0,0
Section 28,PL106_102,28,0,0,1,1,1,0,0,0,0
Section 29,PL106_102,29,0,0,1,0,0,0,0,0,0
Section 30,PL106_102,30,0,1,0,0,0,0,0,0,0
Section 31,PL106_102,31,1,0,0,0,1,0,0,0,0
Section 32,PL106_102,32,0,6,0,1,0,0,0,0,0
Section 33,PL106_102,33,0,1,0,0,0,0,0,0,0
Section 34,PL106_102,34,0,1,0,0,0,0,0,0,0
Section 35,PL106_102,35,3,0,1,3,5,0,0,1,1
Section 36,PL106_102,36,4,2,1,6,8,0,0,0,1
Section 37,PL106_102,37,0,2,0,2,0,0,0,0,0
Section 38,PL106_102,38,0,0,1,1,1,0,0,0,0
Section 39,PL106_102,39,0,0,0,0,0,0,0,0,0
Section 40,PL106_102,40,1,0,0,0,1,0,0,0,0
Section 41,PL106_102,41,1,0,0,0,1,0,0,0,0
Section 42,PL106_102,42,0,0,2,0,0,0,0,0,0
Section 43,PL106_102,43,0,0,1,0,0,0,0,0,0
Section 44,PL106_102,44,0,0,0,3,0,0,0,0,0
Section 45,PL106_102,45,0,0,1,4,3,0,0,0,0
Section 46,PL106_102,46,0,0,0,0,0,0,0,0,0
Section 47,PL106_102,47,0,0,0,0,0,0,0,0,0
Section 48,PL106_102,48,0,1,1,0,0,0,0,0,0
Section 49,PL106_102,49,0,0,0,1,0,0,0,0,0
Section 50,PL106_102,50,0,0,0,0,0,0,0,0,0
Section 51,PL106_102,51,0,0,0,0,0,0,0,0,0
Section 52,PL106_102,52,3,0,1,5,6,0,0,0,1
Section 53,PL106_102,53,0,0,0,0,0,0,0,0,0
Section 54,PL106_102,54,0,0,0,0,0,0,0,0,0
Section 55,PL106_102,55,0,0,0,0,0,0,0,0,0
Section 56,PL106_102,56,1,0,0,1,1,0,0,1,0
Section 57,PL106_102,57,1,0,0,0,1,0,0,0,0
Section 58,PL106_102,58,10,5,3,11,12,2,2,3,1
Section 59,PL106_102,59,1,0,0,1,1,0,0,0,0
Section 60,PL106_102,60,0,0,0,1,1,0,0,0,0
Section 61,PL106_102,61,0,3,0,1,1,0,0,0,0
Section 62,PL106_102,62,0,4,3,1,1,0,0,0,0
Section 63,PL106_102,63,1,0,2,2,3,0,0,0,0
Section 64,PL106_102,64,0,0,0,0,0,0,0,0,0
Section 65,PL106_102,65,7,9,3,12,14,0,0,1,2
Section 66,PL106_102,66,0,1,0,0,0,0,0,0,0
Section 67,PL106_102,67,3,2,4,4,4,0,0,0,0
Section 68,PL106_102,68,0,0,0,0,0,0,0,0,0
Section 69,PL106_102,69,0,1,0,0,0,0,0,0,0
Section 70,PL106_102,70,2,1,4,6,6,1,1,1,0
Section 71,PL106_102,71,0,2,1,2,0,0,0,0,2
Section 72,PL106_102,72,1,1,0,1,1,0,0,0,0
Section 73,PL106_102,73,1,0,1,2,1,0,0,0,0
Section 74,PL106_102,74,1,0,0,0,1,0,0,0,0
Section 75,PL106_102,75,5,3,1,6,5,0,0,4,1
Section 76,PL106_102,76,0,1,0,0,0,0,0,0,0
Section 77,PL106_102,77,0,0,1,1,1,0,0,0,0
Section 78,PL106_102,78,0,0,0,1,1,0,0,0,0
Section 79,PL106_102,79,4,5,2,7,10,1,1,0,0
Section 80,PL106_102,80,2,1,0,6,8,0,0,0,0
Section 81,PL106_102,81,0,1,1,2,2,0,0,0,0
Section 82,PL106_102,82,7,7,3,6,10,2,2,0,2
Section 83,PL106_102,83,0,1,1,0,0,0,0,0,0
Section 84,PL106_102,84,2,0,0,2,4,1,1,0,0
Section 85,PL106_102,85,2,1,0,1,1,0,0,0,0
Section 86,PL106_102,86,4,4,0,2,4,0,0,1,1
Section 87,PL106_102,87,0,1,1,2,2,0,0,0,0
Section 88,PL106_102,88,0,0,0,2,2,0,0,0,0
Section 89,PL106_102,89,2,0,0,4,4,1,1,1,0
Section 90,PL106_102,90,0,0,0,3,2,0,0,0,0
Section 91,PL106_102,91,0,1,1,3,2,0,0,0,0
Section 92,PL106_102,92,0,0,3,2,1,0,0,0,0
Section 93,PL106_102,93,1,0,0,1,1,0,0,0,0
Section 94,PL106_102,94,0,5,2,3,0,0,0,0,2
Section 95,PL106_102,95,1,1,0,2,2,1,1,1,0
Section 96,PL106_102,96,1,1,2,1,2,0,0,1,0
Section 97,PL106_102,97,1,2,0,2,3,0,0,0,0
Section 98,PL106_102,98,2,0,0,2,3,0,0,0,0
Section 99,PL106_102,99,0,1,0,0,0,0,0,0,0
Section 100,PL106_102,100,4,1,1,1,4,1,1,2,0
Section 101,PL106_102,101,2,1,2,2,1,0,0,0,0
Section 102,PL106_102,102,1,0,0,1,1,0,0,1,0
Section 103,PL106_102,103,0,1,1,6,6,0,0,0,0
Section 104,PL106_102,104,0,0,1,3,3,0,0,0,0
Section 105,PL106_102,105,0,2,0,0,0,0,0,0,0
Section 106,PL106_102,106,0,1,0,0,0,0,0,0,0
Section 107,PL106_102,107,0,1,0,1,1,0,0,0,0
Section 108,PL106_102,108,2,0,0,0,2,0,0,0,0
Section 109,PL106_102,109,1,0,2,3,2,0,0,0,0
Section 110,PL106_102,110,0,0,1,0,0,0,0,0,0
Section 111,PL106_102,111,0,0,0,2,1,0,0,0,0
Section 112,PL106_102,112,1,0,1,0,1,0,0,0,0
Section 113,PL106_102,113,1,0,1,1,1,1,1,0,0
Section 114,PL106_102,114,0,1,0,0,0,0,0,0,0
Section 115,PL106_102,115,0,0,1,0,0,0,0,0,0
Section 116,PL106_102,116,2,3,4,8,6,0,0,0,0
Section 117,PL106_102,117,3,0,0,5,7,0,0,1,0
Section 118,PL106_102,118,0,0,0,0,0,0,0,0,0
Section 119,PL106_102,119,15,11,5,18,24,3,3,7,2
Section 120,PL106_102,120,0,0,1,0,0,0,0,0,0
Section 121,PL106_102,121,2,1,0,5,2,1,1,2,1
Section 122,PL106_102,122,0,1,0,0,0,0,0,0,0
Section 123,PL106_102,123,3,0,0,4,3,0,0,3,0
Section 124,PL106_102,124,1,0,0,1,1,0,0,1,0
Section 125,PL106_102,125,0,0,0,0,0,0,0,0,0
Section 126,PL106_102,126,2,5,4,8,6,0,0,2,1
Section 127,PL106_102,127,0,0,0,0,0,0,0,0,0
Section 128,PL106_102,128,1,1,1,0,1,0,0,0,0
Section 129,PL106_102,129,0,1,0,1,1,0,0,0,0
Section 130,PL106_102,130,0,0,0,1,1,0,0,0,0
Section 131,PL106_102,131,1,0,0,2,3,0,0,0,0
Section 132,PL106_102,132,1,1,0,1,1,0,0,0,0
Section 133,PL106_102,133,2,0,0,2,2,0,0,0,0
Section 134,PL106_102,134,0,0,0,2,0,0,0,0,0
Section 135,PL106_102,135,0,0,0,0,0,0,0,0,0
Section 136,PL106_102,136,0,0,0,0,0,0,0,0,0
Section 137,PL106_102,137,0,0,1,0,0,0,0,0,0
Section 138,PL106_102,138,2,0,1,4,1,0,0,0,0
Section 139,PL106_102,139,1,0,0,0,1,0,0,0,0
Section 140,PL106_102,140,1,0,0,0,1,0,0,0,0
Section 141,PL106_102,141,0,0,0,1,1,0,0,0,0
Section 142,PL106_102,142,1,2,0,4,2,0,0,0,0
Section 143,PL106_102,143,0,0,3,1,1,0,0,0,0
Section 144,PL106_102,144,0,0,0,1,1,0,0,0,0
Section 145,PL106_102,145,0,0,0,1,1,0,0,0,0
Section 146,PL106_102,146,0,0,1,0,0,0,0,0,0
Section 147,PL106_102,147,0,0,1,1,1,0,0,0,0
Section 148,PL106_102,148,0,0,0,0,0,0,0,0,0
Section 149,PL106_102,149,1,0,0,0,1,0,0,0,0
Section 150,PL106_102,150,0,0,1,0,0,0,0,0,0
Section 151,PL106_102,151,3,0,0,2,3,1,1,2,0
Section 152,PL106_102,152,2,0,1,2,3,1,1,1,0
Section 153,PL106_102,153,0,0,0,1,0,0,0,0,0
Section 154,PL106_102,154,0,1,0,1,1,0,0,0,0
Section 155,PL106_102,155,0,0,1,1,0,0,0,0,0
Section 156,PL106_102,156,0,0,0,0,0,0,0,0,0
Section 157,PL106_102,157,0,0,0,0,0,0,0,0,0
Section 158,PL106_102,158,0,0,0,0,0,0,0,0,0
Section 159,PL106_102,159,1,0,0,0,1,0,0,0,0
Section 160,PL106_102,160,0,1,0,0,0,0,0,0,0
Section 161,PL106_102,161,0,1,0,0,0,0,0,0,0
Section 162,PL106_102,162,1,0,1,1,1,0,0,0,0
Section 163,PL106_102,163,0,0,0,0,0,0,0,0,0
Section 0,PL103_325,0,1,0,1,0,0,0,0,0,0
Section 1,PL103_325,1,0,0,1,0,0,0,0,0,0
Section 2,PL103_325,2,1,0,0,1,1,0,0,1,0
Section 3,PL103_325,3,2,3,2,8,2,0,0,0,0
Section 4,PL103_325,4,10,10,7,13,20,0,0,0,0
Section 5,PL103_325,5,1,1,0,4,3,0,0,0,1
Section 6,PL103_325,6,0,1,2,3,2,0,0,0,1
Section 7,PL103_325,7,1,0,0,1,2,0,0,0,0
Section 8,PL103_325,8,6,10,8,10,10,0,0,2,0
Section 9,PL103_325,9,2,0,4,3,3,0,0,0,0
Section 10,PL103_325,10,0,1,0,2,1,0,0,0,0
Section 11,PL103_325,11,1,0,0,0,1,0,0,0,0
Section 12,PL103_325,12,1,0,0,2,3,0,0,0,0
Section 13,PL103_325,13,2,4,3,7,7,0,0,0,0
Section 14,PL103_325,14,2,1,7,20,14,0,0,0,0
Section 15,PL103_325,15,5,0,0,4,6,0,0,2,0
Section 16,PL103_325,16,5,3,2,6,9,2,2,2,0
Section 17,PL103_325,17,7,1,1,4,9,0,0,3,0
Section 18,PL103_325,18,0,0,1,0,0,0,0,0,0
Section 19,PL103_325,19,0,1,1,4,3,0,0,0,0
Section 20,PL103_325,20,0,0,0,0,0,0,0,0,0
Section 21,PL103_325,21,1,0,3,0,1,1,1,0,0
Section 22,PL103_325,22,1,2,5,3,4,0,0,0,0
Section 23,PL103_325,23,0,0,1,0,0,0,0,0,0
Section 24,PL103_325,24,1,2,0,5,5,0,0,0,1
Section 25,PL103_325,25,3,13,6,9,4,1,1,2,2
Section 26,PL103_325,26,2,4,1,2,3,0,0,0,1
Section 27,PL103_325,27,0,0,0,0,0,0,0,0,0
Section 28,PL103_325,28,0,0,0,5,2,0,0,0,2
Section 29,PL103_325,29,0,0,0,1,0,0,0,0,1
Section 30,PL103_325,30,1,0,0,0,1,0,0,0,0
Section 31,PL103_325,31,0,0,0,1,1,0,0,0,0
Section 32,PL103_325,32,1,0,0,0,1,0,0,1,0
Section 33,PL103_325,33,0,0,1,0,0,0,0,0,0
Section 34,PL103_325,34,0,0,0,1,0,0,0,0,0
Section 35,PL103_325,35,0,0,0,0,0,0,0,0,0
Section 36,PL103_325,36,0,0,0,0,0,0,0,0,0
Section 37,PL103_325,37,0,0,0,0,0,0,0,0,0
Section 38,PL103_325,38,0,0,2,0,0,0,0,0,0
Section 39,PL103_325,39,0,1,1,3,1,0,0,0,1
Section 40,PL103_325,40,2,4,1,5,3,0,0,1,1
Section 41,PL103_325,41,3,0,0,2,4,1,1,2,0
Section 42,PL103_325,42,0,1,0,0,0,0,0,0,0
Section 43,PL103_325,43,0,0,0,1,0,0,0,0,0
Section 44,PL103_325,44,0,0,0,2,0,0,0,0,1
Section 45,PL103_325,45,1,2,3,7,5,0,0,1,1
Section 46,PL103_325,46,1,1,0,1,1,0,0,0,0
Section 47,PL103_325,47,8,11,11,16,18,1,1,2,3
Section 48,PL103_325,48,2,0,0,2,3,1,1,1,0
Section 49,PL103_325,49,1,4,0,4,4,0,0,0,0
Section 50,PL103_325,50,0,1,1,1,1,0,0,0,0
Section 51,PL103_325,51,1,0,0,0,1,0,0,0,0
Section 52,PL103_325,52,0,0,2,1,1,0,0,0,0
Section 53,PL103_325,53,1,0,0,0,1,0,0,0,0
Section 54,PL103_325,54,0,0,0,1,0,0,0,0,0
Section 55,PL103_325,55,1,0,1,1,2,0,0,0,0
Section 56,PL103_325,56,1,0,0,2,1,0,0,0,1
Section 57,PL103_325,57,1,0,0,0,1,0,0,0,0
Section 58,PL103_325,58,1,0,0,3,2,0,0,0,1
Section 59,PL103_325,59,0,1,0,0,0,0,0,0,0
Section 60,PL103_325,60,2,1,1,2,2,0,0,1,1
Section 61,PL103_325,61,0,0,0,1,1,1,1,0,0
Section 62,PL103_325,62,7,1,1,9,13,0,0,0,0
Section 63,PL103_325,63,1,0,1,1,1,0,0,0,0
Section 64,PL103_325,64,0,0,0,0,0,0,0,0,0
Section 65,PL103_325,65,1,0,0,0,1,0,0,0,0
Section 66,PL103_325,66,0,0,0,0,0,0,0,0,0
Section 67,PL103_325,67,0,0,0,0,0,0,0,0,0
Section 68,PL103_325,68,0,0,0,0,0,0,0,0,0
Section 69,PL103_325,69,1,1,0,2,1,1,1,1,0
Section 70,PL103_325,70,0,1,1,1,1,0,0,0,0
Section 71,PL103_325,71,0,1,0,1,1,0,0,0,0
Section 72,PL103_325,72,0,1,0,0,0,0,0,0,0
Section 73,PL103_325,73,1,0,0,3,3,1,1,1,0
Section 74,PL103_325,74,0,2,1,1,0,0,0,0,0
Section 75,PL103_325,75,0,0,0,1,0,1,1,0,0
Section 76,PL103_325,76,0,2,0,0,0,0,0,0,0
Section 77,PL103_325,77,2,0,1,0,0,0,0,0,0
Section 78,PL103_325,78,0,0,0,0,0,0,0,0,0
Section 79,PL103_325,79,0,0,0,1,0,0,0,0,1
Section 80,PL103_325,80,4,3,2,2,4,0,0,1,0
Section 81,PL103_325,81,0,0,0,0,0,0,0,0,0
Section 82,PL103_325,82,0,2,1,2,1,0,0,0,1
Section 83,PL103_325,83,1,0,0,2,2,0,0,1,0
Section 84,PL103_325,84,1,0,1,2,3,0,0,0,0
Section 85,PL103_325,85,4,1,0,4,5,1,1,3,0
Section 86,PL103_325,86,0,2,2,1,1,0,0,0,0
Section 87,PL103_325,87,0,0,0,0,0,0,0,0,0
Section 88,PL103_325,88,2,0,0,1,3,0,0,0,0
Section 89,PL103_325,89,0,1,0,0,0,0,0,0,0
Section 90,PL103_325,90,0,0,0,0,0,0,0,0,0
Section 91,PL103_325,91,3,0,0,4,4,1,1,2,1
Section 92,PL103_325,92,0,0,0,0,0,0,0,0,0
Section 93,PL103_325,93,0,3,2,0,0,0,0,0,0
Section 94,PL103_325,94,0,0,0,0,0,0,0,0,0
Section 95,PL103_325,95,1,1,0,1,1,0,0,0,0
Section 96,PL103_325,96,2,0,1,1,2,0,0,1,0
Section 97,PL103_325,97,0,0,0,1,1,0,0,0,0
Section 98,PL103_325,98,0,0,1,1,1,0,0,0,0
Section 99,PL103_325,99,0,1,0,0,0,0,0,0,0
Section 100,PL103_325,100,0,0,0,1,0,0,0,0,0
Section 101,PL103_325,101,2,2,6,4,3,2,2,1,0
Section 102,PL103_325,102,2,1,1,2,3,0,0,0,1
Section 103,PL103_325,103,0,0,0,1,1,0,0,0,0
Section 104,PL103_325,104,0,0,0,2,1,0,0,0,1
Section 105,PL103_325,105,2,1,0,2,2,1,1,0,0
Section 106,PL103_325,106,0,0,1,0,0,0,0,0,0
Section 107,PL103_325,107,10,3,2,7,11,1,1,4,0
Section 108,PL103_325,108,5,0,0,4,5,0,0,4,1
Section 109,PL103_325,109,3,0,0,2,3,0,0,0,0
Section 110,PL103_325,110,0,1,0,0,0,0,0,0,0
Section 111,PL103_325,111,1,0,2,1,2,0,0,0,0
Section 112,PL103_325,112,1,2,2,4,4,0,0,1,0
Section 113,PL103_325,113,4,2,1,7,9,2,2,1,1
Section 114,PL103_325,114,0,0,0,0,0,0,0,0,0
Section 115,PL103_325,115,0,0,0,0,0,0,0,0,0
Section 116,PL103_325,116,0,2,0,0,0,0,0,0,0
Section 117,PL103_325,117,0,0,1,2,2,0,0,0,0
Section 118,PL103_325,118,0,0,0,0,0,0,0,0,0
Section 119,PL103_325,119,0,0,1,0,0,0,0,0,0
Section 120,PL103_325,120,1,0,0,2,1,1,1,1,0
Section 121,PL103_325,121,0,0,0,1,0,1,1,0,0
Section 122,PL103_325,122,0,1,0,0,0,0,0,0,0
Section 123,PL103_325,123,5,3,0,2,7,0,0,0,0
Section 124,PL103_325,124,4,0,0,4,7,0,0,2,0
Section 125,PL103_325,125,3,2,1,6,5,0,0,1,1
Section 126,PL103_325,126,4,5,2,5,6,1,1,1,0
Section 127,PL103_325,127,0,0,1,1,0,1,1,0,0
Section 128,PL103_325,128,0,0,0,0,0,0,0,0,0
Section 129,PL103_325,129,12,4,2,13,17,1,1,9,2
Section 130,PL103_325,130,2,4,0,3,3,0,0,2,0
Section 131,PL103_325,131,0,0,0,1,1,0,0,0,0
Section 132,PL103_325,132,0,0,0,0,0,0,0,0,0
Section 133,PL103_325,133,3,1,0,4,5,0,0,0,0
Section 134,PL103_325,134,0,0,0,0,0,0,0,0,0
Section 135,PL103_325,135,1,0,1,0,1,0,0,0,0
Section 136,PL103_325,136,1,0,1,0,1,0,0,0,0
Section 137,PL103_325,137,0,0,0,0,0,0,0,0,0
Section 138,PL103_325,138,7,9,4,9,13,0,0,0,1
Section 139,PL103_325,139,0,0,0,0,0,0,0,0,0
Section 140,PL103_325,140,1,2,2,2,3,0,0,0,0
Section 141,PL103_325,141,2,1,0,1,2,0,0,1,0
Section 142,PL103_325,142,5,0,5,6,8,0,0,0,0
Section 143,PL103_325,143,5,0,3,3,7,0,0,0,0
Section 144,PL103_325,144,0,0,0,0,0,0,0,0,0
Section 145,PL103_325,145,0,1,0,0,0,0,0,0,0
Section 146,PL103_325,146,0,0,0,1,1,0,0,0,0
Section 147,PL103_325,147,0,0,0,0,0,0,0,0,0
Section 148,PL103_325,148,4,2,0,6,10,0,0,0,0
Section 149,PL103_325,149,4,1,2,5,8,0,0,0,0
Section 150,PL103_325,150,6,3,1,5,8,0,0,1,0
Section 151,PL103_325,151,1,1,0,2,3,0,0,0,0
Section 152,PL103_325,152,2,2,0,1,3,0,0,0,0
Section 153,PL103_325,153,1,2,0,3,2,1,1,0,1
Section 154,PL103_325,154,0,0,0,1,1,0,0,0,0
Section 155,PL103_325,155,2,1,0,5,4,1,1,1,0
Section 156,PL103_325,156,0,0,1,0,0,0,0,0,0
Section 157,PL103_325,157,0,1,0,0,0,0,0,0,0
Section 158,PL103_325,158,0,1,0,2,1,0,0,0,0
Section 159,PL103_325,159,0,1,5,9,6,0,0,0,1
Section 0,PL111_022,0,0,0,1,0,0,0,0,0,0
Section 1,PL111_022,1,4,2,7,4,4,2,2,3,0
Section 2,PL111_022,2,0,0,1,0,0,0,0,0,0
Section 3,PL111_022,3,0,0,2,0,0,0,0,0,0
Section 4,PL111_022,4,4,0,0,2,4,0,0,1,0
Section 5,PL111_022,5,1,0,0,1,1,0,0,0,0
Section 6,PL111_022,6,0,0,0,1,1,0,0,0,0
Section 7,PL111_022,7,4,3,1,2,5,0,0,0,0
Section 8,PL111_022,8,4,5,2,5,6,1,1,2,0
Section 9,PL111_022,9,0,0,0,0,0,0,0,0,0
Section 10,PL111_022,10,4,4,9,3,3,1,1,1,0
Section 11,PL111_022,11,1,0,2,2,2,0,0,0,0
Section 12,PL111_022,12,4,3,3,7,10,0,0,0,1
Section 13,PL111_022,13,10,4,4,12,18,0,0,1,0
Section 14,PL111_022,14,0,1,0,0,0,0,0,0,0
Section 15,PL111_022,15,0,0,0,0,0,0,0,0,0
Section 16,PL111_022,16,0,0,0,0,0,0,0,0,0
Section 17,PL111_022,17,0,0,0,0,0,0,0,0,0
Section 18,PL111_022,18,1,1,1,1,1,0,0,0,0
Section 19,PL111_022,19,5,1,2,5,7,0,0,0,1
Section 20,PL111_022,20,0,0,1,1,1,0,0,0,0
Section 21,PL111_022,21,0,0,0,1,0,0,0,0,1
Section 22,PL111_022,22,0,0,0,1,1,0,0,0,0
Section 23,PL111_022,23,2,2,0,4,5,0,0,0,0
Section 24,PL111_022,24,0,0,1,0,0,0,0,0,0
Section 25,PL111_022,25,0,0,0,2,0,0,0,0,1
Section 26,PL111_022,26,0,2,0,0,0,0,0,0,0
Section 27,PL111_022,27,0,0,0,1,1,0,0,0,0
Section 28,PL111_022,28,2,2,1,4,3,0,0,0,0
Section 29,PL111_022,29,0,0,1,0,0,0,0,0,0
Section 30,PL111_022,30,2,2,1,3,3,0,0,0,1
Section 31,PL111_022,31,1,2,1,1,2,0,0,1,0
Section 32,PL111_022,32,2,0,1,0,2,0,0,0,0
Section 33,PL111_022,33,0,0,0,0,0,0,0,0,0
Section 34,PL111_022,34,2,3,0,14,4,0,0,0,1
Section 35,PL111_022,35,0,0,0,0,0,0,0,0,0
Section 36,PL111_022,36,2,1,3,8,6,1,1,1,0
Section 37,PL111_022,37,0,0,0,0,0,0,0,0,0
Section 38,PL111_022,38,1,1,0,1,1,1,1,1,0
Section 39,PL111_022,39,0,2,0,0,0,0,0,0,0
Section 40,PL111_022,40,0,0,0,0,0,0,0,0,0
Section 41,PL111_022,41,0,1,0,2,1,1,1,0,0
Section 42,PL111_022,42,0,0,0,0,0,0,0,0,0
Section 43,PL111_022,43,0,0,1,0,0,0,0,0,0
Section 44,PL111_022,44,0,0,0,0,0,0,0,0,0
Section 45,PL111_022,45,1,0,0,0,1,0,0,0,0
Section 46,PL111_022,46,2,0,0,2,2,0,0,0,1
Section 47,PL111_022,47,0,0,0,0,0,0,0,0,0
Section 48,PL111_022,48,0,2,2,0,0,0,0,0,0
Section 49,PL111_022,49,1,0,0,0,1,0,0,0,0
Section 50,PL111_022,50,0,0,0,0,0,0,0,0,0
Section 51,PL111_022,51,1,1,0,0,0,0,0,0,0
Section 52,PL111_022,52,0,0,0,0,0,0,0,0,0
Section 53,PL111_022,53,0,0,0,0,0,0,0,0,0
Section 54,PL111_022,54,12,9,7,6,15,1,1,2,1
Section 55,PL111_022,55,0,0,0,0,0,0,0,0,0
Section 56,PL111_022,56,0,4,6,11,4,0,0,0,2
Section 57,PL111_022,57,0,0,0,0,0,0,0,0,0
Section 58,PL111_022,58,5,1,2,7,9,1,1,1,0
Section 59,PL111_022,59,0,1,2,4,1,0,0,0,3
Section 60,PL111_022,60,0,0,0,0,0,0,0,0,0
Section 61,PL111_022,61,4,3,0,4,7,0,0,1,1
Section 62,PL111_022,62,1,3,1,7,7,0,0,0,0
Section 63,PL111_022,63,0,1,1,3,3,0,0,0,0
Section 64,PL111_022,64,0,1,1,1,1,1,1,0,0
Section 65,PL111_022,65,1,0,0,3,3,0,0,0,0
Section 66,PL111_022,66,0,0,1,0,0,0,0,0,0
Section 67,PL111_022,67,1,5,1,3,3,1,1,0,0
Section 68,PL111_022,68,4,0,0,1,4,0,0,0,0
Section 69,PL111_022,69,0,0,0,0,0,0,0,0,0
Section 70,PL111_022,70,0,0,0,1,1,0,0,0,0
Section 71,PL111_022,71,1,0,0,0,1,0,0,0,0
Section 72,PL111_022,72,1,0,0,1,2,0,0,0,0
Section 73,PL111_022,73,0,0,0,0,0,0,0,0,0
Section 0,PL115_174,0,0,0,1,0,0,0,0,0,0
Section 1,PL115_174,1,0,0,0,2,0,0,0,0,0
Section 2,PL115_174,2,0,4,0,2,0,0,0,0,1
Section 3,PL115_174,3,0,0,0,1,1,0,0,0,0
Section 4,PL115_174,4,0,0,0,0,0,0,0,0,0
Section 5,PL115_174,5,0,1,0,4,1,0,0,0,1
Section 6,PL115_174,6,3,2,0,2,3,0,0,1,0
Section 7,PL115_174,7,1,0,0,0,1,0,0,0,0
Section 8,PL115_174,8,0,0,0,0,0,0,0,0,0
Section 9,PL115_174,9,2,0,0,8,5,0,0,2,2
Section 10,PL115_174,10,0,0,0,0,0,0,0,0,0
Section 11,PL115_174,11,0,0,0,3,1,0,0,0,0
Section 12,PL115_174,12,0,1,1,1,0,0,0,0,0
Section 13,PL115_174,13,2,3,0,3,2,0,0,1,0
Section 14,PL115_174,14,0,2,0,4,1,0,0,0,0
Section 15,PL115_174,15,0,0,0,0,0,0,0,0,0
Section 16,PL115_174,16,0,2,0,0,0,0,0,0,0
Section 17,PL115_174,17,1,0,1,1,1,0,0,1,0
Section 18,PL115_174,18,0,0,0,0,0,0,0,0,0
Section 19,PL115_174,19,1,2,2,4,2,0,0,0,1
Section 20,PL115_174,20,1,1,1,1,0,0,0,0,0
Section 21,PL115_174,21,0,0,0,1,1,0,0,0,0
Section 22,PL115_174,22,0,0,0,0,0,0,0,0,0
Section 23,PL115_174,23,8,3,4,11,13,0,0,0,2
Section 24,PL115_174,24,0,0,0,0,0,0,0,0,0
Section 25,PL115_174,25,6,1,1,4,8,0,0,1,0
Section 26,PL115_174,26,1,0,0,1,1,1,1,1,0
Section 27,PL115_174,27,2,0,2,8,3,1,1,0,0
Section 28,PL115_174,28,0,0,0,0,0,0,0,0,0
Section 29,PL115_174,29,1,1,1,2,2,1,1,0,0
Section 30,PL115_174,30,5,3,7,13,13,0,0,1,0
Section 31,PL115_174,31,1,1,0,0,0,0,0,0,0
Section 32,PL115_174,32,0,0,0,0,0,0,0,0,0
Section 33,PL115_174,33,8,14,3,12,10,0,0,1,0
Section 34,PL115_174,34,4,2,3,13,9,0,0,0,0
Section 35,PL115_174,35,1,4,2,6,3,0,0,0,1
Section 36,PL115_174,36,0,0,0,1,1,0,0,0,0
Section 37,PL115_174,37,0,0,0,0,0,0,0,0,0
Section 38,PL115_174,38,12,4,14,16,18,1,1,4,3
Section 39,PL115_174,39,1,0,1,1,2,0,0,0,0
Section 40,PL115_174,40,1,0,1,2,1,0,0,0,0
Section 41,PL115_174,41,2,8,1,6,6,0,0,1,0
Section 42,PL115_174,42,8,14,0,3,8,0,0,6,0
Section 43,PL115_174,43,1,0,0,2,2,0,0,1,0
Section 44,PL115_174,44,0,1,0,0,0,0,0,0,0
Section 45,PL115_174,45,1,0,0,2,1,0,0,0,0
Section 46,PL115_174,46,0,0,0,0,0,0,0,0,0
Section 47,PL115_174,47,3,1,3,7,9,0,0,0,0
Section 48,PL115_174,48,0,2,0,0,0,0,0,0,0
Section 49,PL115_174,49,0,1,0,2,1,0,0,0,0
Section 50,PL115_174,50,0,0,0,1,0,0,0,0,0
Section 51,PL115_174,51,2,0,0,1,2,0,0,1,0
Section 52,PL115_174,52,0,0,0,1,1,0,0,0,0
Section 53,PL115_174,53,0,0,0,1,0,0,0,0,0
Section 54,PL115_174,54,1,0,0,2,1,0,0,1,1
Section 55,PL115_174,55,1,0,1,1,2,0,0,0,0
Section 56,PL115_174,56,1,0,0,1,1,0,0,0,1
Section 57,PL115_174,57,0,1,0,0,0,0,0,0,0
Section 58,PL115_174,58,0,1,0,4,2,0,0,0,2
Section 59,PL115_174,59,2,1,0,3,4,0,0,0,0
Section 60,PL115_174,60,3,1,1,2,4,1,1,1,0
Section 61,PL115_174,61,3,1,1,2,3,0,0,2,0
Section 62,PL115_174,62,0,0,0,2,0,0,0,0,0
Section 63,PL115_174,63,0,4,0,2,0,0,0,0,1
Section 64,PL115_174,64,0,0,0,1,1,0,0,0,0
Section 65,PL115_174,65,0,0,0,0,0,0,0,0,0
Section 66,PL115_174,66,0,1,0,4,1,0,0,0,1
Section 67,PL115_174,67,3,2,0,2,3,0,0,1,0
Section 68,PL115_174,68,1,0,0,0,1,0,0,0,0
Section 69,PL115_174,69,0,0,0,0,0,0,0,0,0
Section 70,PL115_174,70,2,0,0,8,5,0,0,2,2
Section 71,PL115_174,71,0,0,0,0,0,0,0,0,0
Section 72,PL115_174,72,0,0,0,3,1,0,0,0,0
Section 73,PL115_174,73,0,1,1,1,0,0,0,0,0
Section 74,PL115_174,74,2,3,0,3,2,0,0,1,0
Section 75,PL115_174,75,0,2,0,4,1,0,0,0,0
Section 76,PL115_174,76,0,0,0,0,0,0,0,0,0
Section 77,PL115_174,77,0,2,0,0,0,0,0,0,0
Section 78,PL115_174,78,1,0,1,1,1,0,0,1,0
Section 79,PL115_174,79,0,0,0,0,0,0,0,0,0
Section 80,PL115_174,80,1,2,2,4,2,0,0,0,1
Section 81,PL115_174,81,1,1,1,1,0,0,0,0,0
Section 82,PL115_174,82,0,0,0,1,1,0,0,0,0
Section 83,PL115_174,83,0,0,0,0,0,0,0,0,0
Section 84,PL115_174,84,8,3,4,11,13,0,0,0,2
Section 85,PL115_174,85,0,0,0,0,0,0,0,0,0
Section 86,PL115_174,86,6,1,1,4,8,0,0,1,0
Section 87,PL115_174,87,1,0,0,1,1,1,1,1,0
Section 88,PL115_174,88,2,0,2,8,3,1,1,0,0
Section 89,PL115_174,89,0,0,0,0,0,0,0,0,0
Section 90,PL115_174,90,1,1,1,2,2,1,1,0,0
Section 91,PL115_174,91,5,3,7,13,13,0,0,1,0
Section 92,PL115_174,92,1,1,0,0,0,0,0,0,0
Section 93,PL115_174,93,0,0,0,0,0,0,0,0,0
Section 94,PL115_174,94,8,14,3,12,10,0,0,1,0
Section 95,PL115_174,95,4,2,3,13,9,0,0,0,0
Section 96,PL115_174,96,1,4,2,6,3,0,0,0,1
Section 97,PL115_174,97,0,0,0,1,1,0,0,0,0
Section 98,PL115_174,98,0,0,0,0,0,0,0,0,0
Section 99,PL115_174,99,12,4,14,16,18,1,1,4,3
Section 100,PL115_174,100,1,0,1,1,2,0,0,0,0
Section 101,PL115_174,101,1,0,1,2,1,0,0,0,0
Section 102,PL115_174,102,2,8,1,6,6,0,0,1,0
Section 103,PL115_174,103,8,14,0,3,8,0,0,6,0
Section 104,PL115_174,104,1,0,0,2,2,0,0,1,0
Section 105,PL115_174,105,0,1,0,0,0,0,0,0,0
Section 106,PL115_174,106,1,0,0,2,1,0,0,0,0
Section 107,PL115_174,107,0,0,0,0,0,0,0,0,0
Section 108,PL115_174,108,3,1,3,7,9,0,0,0,0
Section 109,PL115_174,109,0,2,0,0,0,0,0,0,0
Section 110,PL115_174,110,0,1,0,2,1,0,0,0,0
Section 111,PL115_174,111,0,0,0,1,0,0,0,0,0
Section 112,PL115_174,112,2,0,0,1,2,0,0,1,0
Section 113,PL115_174,113,0,0,0,1,1,0,0,0,0
Section 114,PL115_174,114,0,0,0,1,0,0,0,0,0
Section 115,PL115_174,115,1,0,0,2,1,0,0,1,1
Section 116,PL115_174,116,1,0,1,1,2,0,0,0,0
Section 117,PL115_174,117,1,0,0,1,1,0,0,0,1
Section 118,PL115_174,118,0,1,0,0,0,0,0,0,0
Section 119,PL115_174,119,0,1,0,4,2,0,0,0,2
Section 120,PL115_174,120,2,1,0,3,4,0,0,0,0
Section 121,PL115_174,121,3,1,1,2,4,1,1,1,0
Section 122,PL115_174,122,3,1,0,2,3,0,0,2,0
Section 0,PL063_043,0,17,12,14,58,66,1,1,4,0
Section 1,PL063_043,1,1,3,1,4,5,0,0,0,0
Section 2,PL063_043,2,0,1,0,1,1,0,0,0,0
Section 3,PL063_043,3,4,1,5,15,14,2,2,3,2
Section 4,PL063_043,4,11,3,6,20,24,1,1,2,0
Section 5,PL063_043,5,2,0,1,5,6,0,0,0,0
Section 6,PL063_043,6,1,4,2,6,4,0,0,0,0
Section 7,PL063_043,7,0,1,1,0,0,0,0,0,0
Section 8,PL063_043,8,10,10,10,27,29,5,5,6,1
Section 9,PL063_043,9,12,2,3,13,16,1,1,7,0
Section 10,PL063_043,10,0,0,0,2,2,0,0,0,0
Section 11,PL063_043,11,3,0,4,7,9,0,0,0,0
Section 12,PL063_043,12,3,7,1,3,5,0,0,0,0
Section 13,PL063_043,13,2,0,0,3,4,2,2,1,0
Section 14,PL063_043,14,0,1,1,0,0,0,0,0,0
Section 15,PL063_043,15,0,0,1,1,1,0,0,0,0
Section 16,PL063_043,16,0,1,0,1,0,0,0,0,1
Section 17,PL063_043,17,0,1,0,0,0,0,0,0,0
Section 18,PL063_043,18,2,1,3,2,2,4,4,2,0
Section 0,PL097_320,0,0,0,1,0,0,0,0,0,0
Section 1,PL097_320,1,0,0,1,0,0,0,0,0,0
Section 2,PL097_320,2,8,7,7,21,24,0,0,3,0
Section 3,PL097_320,3,0,0,0,2,2,0,0,0,0
Section 4,PL097_320,4,7,2,11,19,21,0,0,2,0
Section 5,PL097_320,5,0,0,0,1,1,0,0,0,0
Section 6,PL097_320,6,0,0,1,0,0,1,1,0,0
Section 7,PL097_320,7,8,13,23,26,26,1,1,0,1
Section 8,PL097_320,8,4,23,8,22,23,0,0,0,0
Section 9,PL097_320,9,0,0,0,0,0,0,0,0,0
Section 10,PL097_320,10,0,0,1,0,0,0,0,0,0
Section 11,PL097_320,11,0,0,0,0,0,0,0,0,0
Section 12,PL097_320,12,0,0,1,0,0,0,0,0,0
Section 13,PL097_320,13,2,6,13,11,6,0,0,0,3
Section 14,PL097_320,14,0,1,0,0,0,0,0,0,0
Section 15,PL097_320,15,0,1,0,1,0,0,0,0,0
Section 16,PL097_320,16,0,0,1,4,4,0,0,0,0
Section 17,PL097_320,17,1,2,1,2,2,0,0,0,1
Section 18,PL097_320,18,1,8,2,9,6,0,0,0,0
Section 19,PL097_320,19,0,5,6,3,1,0,0,0,0
Section 20,PL097_320,20,0,0,0,0,0,0,0,0,0
Section 21,PL097_320,21,0,0,1,0,0,0,0,0,0
Section 22,PL097_320,22,0,0,2,3,3,0,0,0,0
Section 23,PL097_320,23,3,11,1,5,8,0,0,0,0
Section 24,PL097_320,24,1,1,2,1,1,0,0,0,0
Section 25,PL097_320,25,4,1,1,4,6,2,2,1,0
Section 26,PL097_320,26,0,0,2,1,1,0,0,0,0
Section 27,PL097_320,27,0,0,0,0,0,0,0,0,0
Section 28,PL097_320,28,0,0,1,1,0,0,0,0,0
Section 29,PL097_320,29,0,0,0,0,0,0,0,0,0
Section 30,PL097_320,30,7,7,7,11,15,1,1,1,0
Section 31,PL097_320,31,0,0,1,0,0,0,0,0,0
Section 32,PL097_320,32,0,1,1,1,0,0,0,0,0
Section 33,PL097_320,33,2,12,7,15,12,0,0,0,0
Section 34,PL097_320,34,0,0,0,0,0,0,0,0,0
Section 35,PL097_320,35,0,0,0,0,0,0,0,0,0
Section 36,PL097_320,36,0,1,0,0,0,0,0,0,0
Section 37,PL097_320,37,1,0,1,6,3,0,0,0,0
Section 38,PL097_320,38,0,0,0,0,0,0,0,0,0
Section 39,PL097_320,39,0,0,0,1,0,0,0,0,0
Section 40,PL097_320,40,3,4,9,11,7,1,1,0,0
Section 41,PL097_320,41,0,0,0,0,0,0,0,0,0
Section 42,PL097_320,42,2,0,2,3,4,0,0,0,0
Section 43,PL097_320,43,0,0,0,0,0,0,0,0,0
Section 44,PL097_320,44,0,1,1,5,5,0,0,0,0
Section 45,PL097_320,45,0,0,0,0,0,0,0,0,0
Section 46,PL097_320,46,1,0,1,2,3,0,0,0,0
Section 47,PL097_320,47,0,0,0,0,0,0,0,0,0
Section 48,PL097_320,48,1,1,0,3,2,0,0,0,1
Section 49,PL097_320,49,0,0,0,0,0,0,0,0,0
Section 50,PL097_320,50,1,4,4,10,7,0,0,1,2
Section 51,PL097_320,51,0,0,0,1,1,0,0,0,0
Section 52,PL097_320,52,0,0,0,2,2,0,0,0,0
Section 53,PL097_320,53,0,1,0,0,0,0,0,0,0
Section 54,PL097_320,54,0,0,0,0,0,0,0,0,0
Section 55,PL097_320,55,4,4,6,12,11,1,1,1,1
Section 56,PL097_320,56,1,1,0,0,1,0,0,0,0
Section 57,PL097_320,57,3,4,12,11,13,0,0,0,0
Section 58,PL097_320,58,0,0,1,0,0,0,0,0,0
Section 59,PL097_320,59,1,0,2,2,0,0,0,0,0
Section 60,PL097_320,60,0,1,2,3,2,0,0,0,0
Section 61,PL097_320,61,1,2,0,3,3,0,0,0,0
Section 0,PL109_351,0,1,0,2,1,0,0,0,0,0
Section 1,PL109_351,1,3,0,0,1,4,0,0,1,0
Section 2,PL109_351,2,0,1,1,1,0,0,0,0,0
Section 3,PL109_351,3,0,1,0,0,0,0,0,0,0
Section 4,PL109_351,4,1,0,0,0,1,0,0,0,0
Section 5,PL109_351,5,1,0,0,0,1,0,0,0,0
Section 6,PL109_351,6,0,0,0,0,0,0,0,0,0
Section 7,PL109_351,7,1,0,1,1,0,0,0,0,0
Section 8,PL109_351,8,0,0,0,0,0,0,0,0,0
Section 9,PL109_351,9,0,0,0,0,0,0,0,0,0
Section 10,PL109_351,10,0,0,2,0,0,0,0,0,0
Section 11,PL109_351,11,4,4,1,0,4,0,0,0,0
Section 12,PL109_351,12,0,0,0,4,1,0,0,0,0
Section 13,PL109_351,13,0,0,0,0,0,0,0,0,0
Section 14,PL109_351,14,0,0,0,1,1,0,0,0,0
Section 15,PL109_351,15,0,0,0,0,0,0,0,0,0
Section 16,PL109_351,16,0,0,1,0,0,0,0,0,0
Section 17,PL109_351,17,0,1,0,0,0,0,0,0,0
Section 18,PL109_351,18,0,0,0,1,0,0,0,0,0
Section 19,PL109_351,19,0,0,0,1,0,0,0,0,0
Section 20,PL109_351,20,1,3,1,6,3,0,0,1,0
Section 21,PL109_351,21,0,0,0,0,0,0,0,0,0
Section 22,PL109_351,22,0,0,2,1,0,0,0,0,0
Section 23,PL109_351,23,0,0,0,0,0,0,0,0,0
Section 24,PL109_351,24,2,0,0,2,1,0,0,1,1
Section 25,PL109_351,25,0,0,0,0,0,0,0,0,0
Section 26,PL109_351,26,0,1,0,3,0,0,0,0,2
Section 27,PL109_351,27,0,4,0,0,0,0,0,0,0
Section 28,PL109_351,28,2,0,1,3,2,0,0,1,0
Section 29,PL109_351,29,1,0,0,1,1,0,0,0,0
Section 30,PL109_351,30,0,0,0,0,0,0,0,0,0
Section 31,PL109_351,31,0,0,0,0,0,0,0,0,0
Section 32,PL109_351,32,0,0,0,0,0,0,0,0,0
Section 33,PL109_351,33,2,0,0,2,2,1,1,1,1
Section 34,PL109_351,34,0,0,0,0,0,0,0,0,0
Section 35,PL109_351,35,0,0,2,0,0,0,0,0,0
Section 36,PL109_351,36,0,0,0,0,0,0,0,0,0
Section 37,PL109_351,37,1,0,0,0,0,0,0,0,0
Section 38,PL109_351,38,0,0,0,0,0,0,0,0,0
Section 39,PL109_351,39,0,0,0,0,0,0,0,0,0
Section 40,PL109_351,40,0,0,0,2,0,2,2,0,0
Section 41,PL109_351,41,0,0,2,0,0,0,0,0,0
Section 42,PL109_351,42,0,0,1,3,2,0,0,0,0
Section 43,PL109_351,43,0,0,2,4,3,0,0,0,0
Section 44,PL109_351,44,2,3,4,7,5,0,0,0,0
Section 45,PL109_351,45,4,1,1,2,6,0,0,0,0
Section 46,PL109_351,46,0,0,0,1,1,0,0,0,0
Section 47,PL109_351,47,0,0,0,1,1,0,0,0,0
Section 48,PL109_351,48,0,0,0,0,0,0,0,0,0
Section 49,PL109_351,49,0,0,0,0,0,0,0,0,0
Section 50,PL109_351,50,0,0,1,0,0,0,0,0,0
Section 51,PL109_351,51,0,0,4,4,4,0,0,0,0
Section 52,PL109_351,52,0,0,0,0,0,0,0,0,0
Section 53,PL109_351,53,0,0,0,1,1,0,0,0,0
Section 54,PL109_351,54,0,2,2,4,4,0,0,0,0
Section 55,PL109_351,55,0,0,1,0,0,0,0,0,0
Section 56,PL109_351,56,0,0,4,4,4,0,0,0,0
Section 57,PL109_351,57,0,0,0,0,0,0,0,0,0
Section 58,PL109_351,58,0,0,0,0,0,0,0,0,0
Section 59,PL109_351,59,1,0,0,0,0,0,0,0,0
Section 60,PL109_351,60,0,0,0,0,0,0,0,0,0
Section 61,PL109_351,61,1,0,1,4,3,0,0,1,1
Section 62,PL109_351,62,1,2,1,2,2,0,0,0,0
Section 63,PL109_351,63,0,3,0,1,0,0,0,0,1
Section 64,PL109_351,64,1,0,0,1,0,0,0,0,0
Section 65,PL109_351,65,7,0,1,3,7,1,1,7,0
Section 66,PL109_351,66,3,0,1,0,3,0,0,1,0
Section 0,PL095_109,0,3,16,9,22,19,0,0,0,0
Section 0,PL105_310,0,1,0,1,0,0,0,0,0,0
Section 1,PL105_310,1,11,2,13,20,23,0,0,1,0
Section 0,PL102_242_2334,0,0,0,0,0,0,0,0,0,0
Section 1,PL102_242_2334,1,0,0,1,0,0,0,0,0,0
Section 2,PL102_242_2334,2,0,0,0,0,0,1,1,0,0
Section 3,PL102_242_2334,3,3,2,0,2,3,0,0,0,0
Section 4,PL102_242_2334,4,7,3,4,7,10,1,1,5,0
Section 5,PL102_242_2334,5,1,1,0,0,1,0,0,1,0
Section 6,PL102_242_2334,6,3,0,1,4,3,1,1,2,1
Section 7,PL102_242_2334,7,0,1,1,1,0,0,0,0,1
Section 8,PL102_242_2334,8,1,0,0,0,1,0,0,0,0
Section 9,PL102_242_2334,9,3,2,1,2,4,1,1,0,1
Section 10,PL102_242_2334,10,0,1,1,1,1,0,0,0,0
Section 11,PL102_242_2334,11,2,5,2,5,5,0,0,2,0
Section 12,PL102_242_2334,12,2,0,1,0,2,0,0,0,0
Section 13,PL102_242_2334,13,0,0,1,1,0,0,0,0,0
Section 14,PL102_242_2334,14,0,0,1,4,1,0,0,0,0
Section 0,PL099_570_3207,0,0,0,0,0,0,0,0,0,0
Section 1,PL099_570_3207,1,0,0,1,0,0,0,0,0,0
Section 2,PL099_570_3207,2,1,4,2,2,2,0,0,0,0
Section 3,PL099_570_3207,3,1,1,0,0,1,0,0,1,0
Section 4,PL099_570_3207,4,0,0,1,1,0,0,0,0,0
Section 5,PL099_570_3207,5,1,1,5,5,3,3,3,0,0
Section 6,PL099_570_3207,6,0,3,4,1,0,0,0,0,1
Section 7,PL099_570_3207,7,16,0,2,11,17,0,0,12,0
Section 8,PL099_570_3207,8,5,0,2,9,7,0,0,1,0
Section 9,PL099_570_3207,9,4,1,0,9,6,0,0,0,0
Section 10,PL099_570_3207,10,0,0,0,0,0,0,0,0,0
Section 11,PL099_570_3207,11,2,0,0,2,4,0,0,0,0
Section 12,PL099_570_3207,12,6,0,0,1,6,0,0,1,0
Section 13,PL099_570_3207,13,0,0,0,0,0,0,0,0,0
Section 14,PL099_570_3207,14,2,9,11,15,14,1,1,0,0
Section 15,PL099_570_3207,15,0,1,0,0,0,0,0,0,0
Section 0,PL091_508_1114,0,33,10,23,38,28,13,13,10,2
Section 1,PL091_508_1114,1,14,13,14,40,29,3,3,5,0
Section 2,PL091_508_1114,2,0,0,0,0,0,0,0,0,0
Section 0,PL074_305,0,0,0,1,0,0,0,0,0,0
Section 1,PL074_305,1,47,43,38,159,152,7,7,15,17
Section 2,PL074_305,2,0,0,0,1,0,0,0,0,1
Section 3,PL074_305,3,0,0,0,0,0,0,0,0,0
Section 4,PL074_305,4,0,2,2,2,2,0,0,0,0
Section 5,PL074_305,5,0,0,0,0,0,0,0,0,0
Section 6,PL074_305,6,1,2,3,4,4,0,0,1,0
Section 7,PL074_305,7,0,1,1,1,1,0,0,0,0
Section 8,PL074_305,8,0,0,1,1,1,0,0,0,0
Section 9,PL074_305,9,0,0,0,0,0,0,0,0,0
Section 10,PL074_305,10,0,0,0,0,0,0,0,0,0
Section 11,PL074_305,11,0,0,0,0,0,0,0,0,0
Section 12,PL074_305,12,0,1,0,0,0,0,0,0,0
Section 13,PL074_305,13,0,1,1,2,1,0,0,0,1
Section 14,PL074_305,14,1,5,4,5,5,0,0,1,0
Section 15,PL074_305,15,0,1,0,0,0,0,0,0,0
Section 16,PL074_305,16,0,0,0,0,0,1,1,0,0
Section 17,PL074_305,17,0,0,1,1,1,0,0,0,0
Section 18,PL074_305,18,0,0,0,0,0,0,0,0,0
Section 19,PL074_305,19,1,1,0,1,1,0,0,1,0
Section 20,PL074_305,20,0,0,0,0,0,0,0,0,0
Section 21,PL074_305,21,1,0,3,4,4,0,0,1,0
Section 22,PL074_305,22,0,0,1,0,0,0,0,0,0
Section 23,PL074_305,23,1,2,0,1,2,0,0,1,0
Section 24,PL074_305,24,1,0,0,1,1,1,1,1,0
Section 25,PL074_305,25,3,7,3,13,10,2,2,2,1
Section 26,PL074_305,26,0,1,0,0,0,0,0,0,0
Section 27,PL074_305,27,0,0,0,0,0,0,0,0,0
Section 28,PL074_305,28,5,9,7,22,19,0,0,3,0
Section 0,PL096_221,0,2,0,6,2,3,1,1,1,0
Section 1,PL096_221,1,15,10,7,21,22,5,5,10,3
Section 2,PL096_221,2,2,3,2,7,7,0,0,1,1
Section 3,PL096_221,3,6,7,16,6,12,0,0,0,0
Section 4,PL096_221,4,1,0,0,0,1,0,0,0,0
Section 5,PL096_221,5,0,0,0,0,0,0,0,0,0
Section 6,PL096_221,6,2,1,0,2,4,0,0,0,0
Section 7,PL096_221,7,0,1,0,0,0,0,0,0,0
Section 8,PL096_221,8,1,1,2,3,3,0,0,0,0
Section 9,PL096_221,9,1,10,10,14,4,0,0,0,0
Section 10,PL096_221,10,0,0,1,0,0,0,0,0,0
Section 11,PL096_221,11,5,10,5,12,10,1,1,3,2
Section 12,PL096_221,12,0,0,1,0,0,0,0,0,0
Section 13,PL096_221,13,8,10,6,9,14,0,0,1,2
Section 14,PL096_221,14,0,2,1,1,1,0,0,0,0
Section 15,PL096_221,15,0,1,0,0,0,0,0,0,0
Section 16,PL096_221,16,0,0,0,0,0,0,0,0,0
Section 17,PL096_221,17,0,2,2,1,1,0,0,0,0
Section 18,PL096_221,18,0,0,0,0,0,0,0,0,0
Section 19,PL096_221,19,0,12,6,5,4,1,1,0,0
Section 20,PL096_221,20,1,0,0,1,1,0,0,1,0
Section 21,PL096_221,21,2,0,4,4,4,2,2,1,1
Section 22,PL096_221,22,4,4,0,8,4,3,3,3,5
Section 23,PL096_221,23,25,9,15,46,34,3,3,16,9
Section 24,PL096_221,24,0,1,1,1,1,0,0,0,0
Section 25,PL096_221,25,0,0,0,0,0,0,0,0,0
Section 26,PL096_221,26,2,0,1,1,2,0,0,1,0
Section 27,PL096_221,27,1,1,1,2,2,1,1,1,0
Section 28,PL096_221,28,0,0,0,0,0,0,0,0,0
Section 29,PL096_221,29,2,7,7,8,8,1,1,1,0
Section 30,PL096_221,30,0,2,1,1,1,0,0,0,0
Section 31,PL096_221,31,0,0,0,0,0,0,0,0,0
Section 32,PL096_221,32,0,0,0,0,0,0,0,0,0
Section 33,PL096_221,33,0,2,0,3,3,0,0,0,0
Section 34,PL096_221,34,0,0,1,0,0,0,0,0,0
Section 35,PL096_221,35,0,1,0,0,0,0,0,0,0
Section 36,PL096_221,36,2,3,0,1,3,0,0,0,0
Section 0,PL100_086,0,1,0,3,0,0,0,0,0,0
Section 1,PL100_086,1,0,0,1,0,0,0,0,0,0
Section 2,PL100_086,2,6,15,11,16,14,1,1,0,1
Section 3,PL100_086,3,0,0,0,0,0,0,0,0,0
Section 4,PL100_086,4,0,5,4,4,1,0,0,0,0
Section 5,PL100_086,5,1,3,2,1,2,0,0,0,0
Section 6,PL100_086,6,5,14,8,14,11,0,0,0,1
Section 7,PL100_086,7,0,1,0,3,0,0,0,0,0
Section 8,PL100_086,8,0,0,5,4,3,0,0,0,0
Section 9,PL100_086,9,4,3,4,6,5,1,1,2,0
Section 10,PL100_086,10,0,1,0,0,0,0,0,0,0
Section 11,PL100_086,11,0,0,0,0,0,0,0,0,0
Section 12,PL100_086,12,0,2,0,0,0,0,0,0,0
Section 13,PL100_086,13,4,0,3,3,4,1,1,1,0
Section 14,PL100_086,14,1,11,1,3,2,0,0,0,0
Section 15,PL100_086,15,0,0,1,0,0,0,0,0,0
Section 16,PL100_086,16,0,0,0,0,0,0,0,0,0
Section 17,PL100_086,17,0,1,0,0,0,0,0,0,0
Section 18,PL100_086,18,0,1,4,0,0,0,0,0,0
Section 19,PL100_086,19,0,0,1,0,0,0,0,0,0
Section 20,PL100_086,20,0,0,0,0,0,0,0,0,0
Section 21,PL100_086,21,21,14,12,44,44,1,1,8,0
Section 22,PL100_086,22,0,0,0,0,0,0,0,0,0
Section 23,PL100_086,23,4,4,4,8,8,0,0,1,0
Section 24,PL100_086,24,1,0,1,1,1,0,0,1,0
Section 25,PL100_086,25,4,5,2,7,5,1,1,2,2
Section 26,PL100_086,26,0,1,2,0,0,0,0,0,0
Section 27,PL100_086,27,0,0,1,0,0,0,0,0,0
Section 28,PL100_086,28,0,0,0,0,0,0,0,0,0
Section 29,PL100_086,29,3,1,4,5,6,1,1,1,0
Section 30,PL100_086,30,6,2,4,9,10,1,1,3,1
Section 31,PL100_086,31,0,0,2,2,2,0,0,0,0
Section 32,PL100_086,32,0,0,0,0,0,0,0,0,0
Section 33,PL100_086,33,1,1,1,3,1,1,1,0,1
Section 34,PL100_086,34,1,1,3,7,2,1,1,0,4
Section 35,PL100_086,35,3,1,4,6,7,1,1,1,0
Section 36,PL100_086,36,2,0,4,5,4,6,6,2,0
Section 37,PL100_086,37,1,0,1,1,2,0,0,0,0
Section 38,PL100_086,38,0,3,3,7,7,0,0,0,0
Section 39,PL100_086,39,0,0,0,1,1,0,0,0,0
Section 40,PL100_086,40,1,0,2,2,2,0,0,0,1
Section 41,PL100_086,41,2,0,1,4,4,0,0,2,0
Section 42,PL100_086,42,0,1,0,0,0,0,0,0,0
Section 43,PL100_086,43,2,0,0,2,3,0,0,0,0
Section 44,PL100_086,44,2,0,0,2,2,0,0,2,0
Section 45,PL100_086,45,0,0,0,1,1,0,0,0,0
Section 46,PL100_086,46,2,1,0,1,3,0,0,0,0
Section 47,PL100_086,47,1,1,0,2,2,0,0,0,0
Section 48,PL100_086,48,0,0,1,0,0,0,0,0,0
Section 49,PL100_086,49,5,6,11,12,10,0,0,1,1
Section 50,PL100_086,50,2,4,5,8,7,1,1,1,1
Section 51,PL100_086,51,1,1,0,4,4,0,0,1,0
Section 52,PL100_086,52,0,2,0,1,0,0,0,0,1
Section 53,PL100_086,53,0,1,0,0,0,0,0,0,0
Section 54,PL100_086,54,0,1,0,1,0,0,0,0,0
Section 55,PL100_086,55,0,1,0,0,0,0,0,0,0
Section 56,PL100_086,56,1,0,0,2,3,0,0,0,0
Section 57,PL100_086,57,0,0,1,0,0,0,0,0,0
Section 58,PL100_086,58,0,1,0,0,0,0,0,0,0
Section 59,PL100_086,59,0,0,1,0,0,0,0,0,0
Section 60,PL100_086,60,1,0,1,7,2,0,0,0,0
Section 61,PL100_086,61,7,13,2,9,12,0,0,2,0
Section 62,PL100_086,62,5,6,3,11,9,0,0,2,3
Section 63,PL100_086,63,5,4,2,6,8,0,0,1,0
Section 64,PL100_086,64,1,1,0,2,1,0,0,1,1
Section 65,PL100_086,65,2,2,1,3,3,0,0,2,0
Section 66,PL100_086,66,1,0,0,2,2,0,0,1,0
Section 67,PL100_086,67,9,3,2,7,12,0,0,2,0
Section 68,PL100_086,68,0,1,2,3,3,0,0,0,0
Section 69,PL100_086,69,0,3,2,2,2,0,0,0,0
Section 70,PL100_086,70,1,0,0,1,1,0,0,0,0
Section 71,PL100_086,71,2,0,0,0,2,0,0,0,0
Section 72,PL100_086,72,0,0,1,0,0,0,0,0,0
Section 73,PL100_086,73,0,0,1,0,0,0,0,0,0
Section 74,PL100_086,74,0,0,0,0,0,0,0,0,0
Section 75,PL100_086,75,0,0,0,2,1,0,0,0,0
Section 76,PL100_086,76,0,0,0,0,0,0,0,0,0
Section 77,PL100_086,77,0,0,0,0,0,0,0,0,0
Section 78,PL100_086,78,0,0,0,0,0,0,0,0,0
Section 79,PL100_086,79,0,0,0,0,0,0,0,0,0
Section 80,PL100_086,80,0,0,0,1,1,0,0,0,0
Section 81,PL100_086,81,0,0,0,0,0,0,0,0,0
Section 82,PL100_086,82,0,1,0,1,1,0,0,0,0
Section 83,PL100_086,83,0,0,0,1,0,0,0,0,0
Section 84,PL100_086,84,0,0,0,0,0,0,0,0,0
Section 85,PL100_086,85,0,0,1,1,1,0,0,0,0
Section 86,PL100_086,86,0,0,2,2,0,0,0,0,0
Section 87,PL100_086,87,0,0,0,1,1,0,0,0,0
Section 88,PL100_086,88,0,0,1,0,0,0,0,0,0
Section 89,PL100_086,89,1,2,1,3,1,0,0,0,0
Section 90,PL100_086,90,0,0,0,1,0,0,0,0,0
Section 91,PL100_086,91,0,1,0,0,0,0,0,0,0
Section 92,PL100_086,92,0,0,1,2,1,0,0,0,1
Section 93,PL100_086,93,0,2,0,4,4,0,0,0,0
Section 94,PL100_086,94,0,2,2,4,3,0,0,0,0
Section 95,PL100_086,95,0,0,0,1,0,0,0,0,0
Section 96,PL100_086,96,1,0,1,0,1,0,0,0,0
Section 97,PL100_086,97,1,0,0,2,2,0,0,1,0
Section 98,PL100_086,98,1,2,0,2,2,0,0,0,0
Section 99,PL100_086,99,1,1,0,0,1,0,0,1,0
Section 100,PL100_086,100,3,1,0,1,3,0,0,0,0
Section 101,PL100_086,101,3,0,2,1,4,0,0,0,0
Section 102,PL100_086,102,0,1,0,0,0,0,0,0,0
Section 0,PL094_240,0,0,0,1,0,0,0,0,0,0
Section 1,PL094_240,1,0,0,0,1,0,0,0,0,0
Section 2,PL094_240,2,3,4,3,12,10,1,1,1,1
Section 3,PL094_240,3,0,0,0,0,0,0,0,0,0
Section 4,PL094_240,4,0,0,0,0,0,0,0,0,0
Section 5,PL094_240,5,0,0,0,0,0,0,0,0,0
Section 0,PL107_204,0,0,0,1,0,0,0,0,0,0
Section 1,PL107_204,1,1,0,3,4,1,0,0,0,0
Section 2,PL107_204,2,0,0,1,3,3,0,0,0,0
Section 3,PL107_204,3,2,8,3,8,7,0,0,1,1
Section 4,PL107_204,4,6,2,2,6,8,2,2,4,0
Section 5,PL107_204,5,8,0,4,7,10,2,2,4,1
Section 6,PL107_204,6,3,2,5,7,7,0,0,1,1
Section 7,PL107_204,7,7,4,8,12,15,3,3,0,1
Section 8,PL107_204,8,0,2,1,2,2,0,0,0,0
Section 9,PL107_204,9,4,1,2,8,7,0,0,1,0
Section 10,PL107_204,10,5,1,0,2,6,1,1,2,0
Section 11,PL107_204,11,0,5,4,8,8,1,1,0,0
Section 12,PL107_204,12,1,2,1,1,1,0,0,1,0
Section 13,PL107_204,13,2,0,0,4,4,2,2,2,0
Section 14,PL107_204,14,0,0,0,1,1,0,0,0,0
Section 15,PL107_204,15,1,0,0,1,1,0,0,1,0
Section 16,PL107_204,16,0,0,0,2,0,0,0,0,0
Section 17,PL107_204,17,1,0,0,1,1,0,0,1,0
Section 18,PL107_204,18,2,0,1,0,2,0,0,2,0
Section 19,PL107_204,19,0,1,0,1,1,0,0,0,0
Section 20,PL107_204,20,0,1,0,0,0,0,0,0,0
Section 21,PL107_204,21,3,2,2,5,6,0,0,0,0
Section 22,PL107_204,22,1,0,1,3,1,0,0,1,2
Section 23,PL107_204,23,1,1,0,3,2,0,0,0,1
Section 24,PL107_204,24,1,0,1,1,1,0,0,1,0
Section 25,PL107_204,25,0,0,1,0,0,0,0,0,0
Section 26,PL107_204,26,9,6,4,13,18,2,2,3,1
Section 27,PL107_204,27,0,0,0,1,0,0,0,0,1
Section 28,PL107_204,28,2,0,2,4,5,0,0,1,0
Section 29,PL107_204,29,4,1,0,5,3,1,1,3,1
Section 30,PL107_204,30,0,2,0,1,1,0,0,0,0
Section 31,PL107_204,31,0,0,0,0,0,0,0,0,0
Section 32,PL107_204,32,2,4,0,4,4,0,0,2,0
Section 33,PL107_204,33,2,1,0,1,3,0,0,2,0
Section 34,PL107_204,34,1,0,0,0,1,0,0,0,0
Section 35,PL107_204,35,3,1,0,1,2,0,0,2,0
Section 36,PL107_204,36,2,1,0,2,2,0,0,1,0
Section 37,PL107_204,37,4,0,1,3,4,0,0,2,0
Section 38,PL107_204,38,0,0,1,1,1,0,0,0,0
Section 39,PL107_204,39,0,0,0,0,0,0,0,0,0
Section 40,PL107_204,40,0,1,2,3,0,0,0,0,1
Section 41,PL107_204,41,0,0,0,0,0,0,0,0,0
Section 42,PL107_204,42,0,0,1,2,1,0,0,0,1
Section 43,PL107_204,43,0,0,0,0,0,0,0,0,0
Section 44,PL107_204,44,0,1,0,0,0,0,0,0,0
Section 45,PL107_204,45,0,2,2,2,2,0,0,0,0
Section 46,PL107_204,46,0,0,0,0,0,0,0,0,0
Section 47,PL107_204,47,2,0,0,1,3,0,0,1,0
Section 48,PL107_204,48,2,0,0,1,2,1,1,1,1
Section 49,PL107_204,49,0,2,1,1,0,0,0,0,0
Section 50,PL107_204,50,0,1,0,2,2,0,0,0,0
Section 51,PL107_204,51,1,0,1,3,2,0,0,0,1
Section 52,PL107_204,52,0,0,1,0,0,0,0,0,0
Section 53,PL107_204,53,0,1,1,4,4,0,0,0,0
Section 54,PL107_204,54,0,0,0,0,0,0,0,0,0
Section 55,PL107_204,55,1,1,0,1,2,0,0,0,0
Section 56,PL107_204,56,0,0,0,1,1,0,0,0,0
Section 57,PL107_204,57,2,2,0,7,5,0,0,0,0
Section 58,PL107_204,58,0,0,0,1,0,0,0,0,1
Section 59,PL107_204,59,0,0,1,0,0,0,0,0,0
Section 60,PL107_204,60,0,0,0,1,1,0,0,0,0
Section 61,PL107_204,61,0,0,0,0,0,0,0,0,0
Section 62,PL107_204,62,0,0,0,0,0,0,0,0,0
Section 63,PL107_204,63,1,0,0,1,2,0,0,0,0
Section 64,PL107_204,64,1,1,0,1,2,0,0,1,0
Section 65,PL107_204,65,0,0,0,0,0,0,0,0,0
Section 66,PL107_204,66,0,0,1,0,0,0,0,0,0
Section 67,PL107_204,67,0,1,0,0,0,0,0,0,0
Section 68,PL107_204,68,1,2,0,4,4,1,1,1,0
Section 69,PL107_204,69,0,0,0,1,0,0,0,0,0
Section 70,PL107_204,70,2,2,0,2,2,2,2,2,0
Section 71,PL107_204,71,0,0,0,0,0,0,0,0,0
Section 72,PL107_204,72,0,1,0,0,0,0,0,0,0
